address,avg_ocr_confidence,confidence_notes,decision_or_status,document_id,document_type,engine,error,field_accuracy,full_name,gpu_memory_mb,issue_date,ministry_or_department,national_id,page,preprocessing_mode,raw_text,reference_number,runtime_seconds,signature_present,stamp_present,subject
,0.4881,Heuristic color/shape placeholder; validate manually or replace with trained detector.,,184-25_1_2_310126_2515629105-1,,easyocr,,,,3761.45,,,,1,raw,"Hiwa Rauf
Investment & Development
بهروار : ٢٠٢٥١٦/٢٢
ثماره : ٢٥١١٠٨
سليمانى
ن
وهبهرهينا )
بآ : بهريودبورايدتى
سليمانى
بابهت : سايت يلانى يرآثدى داون تاون
سليمانى (
سايت يلانى نويى رروثمى ) داون
له
هاوييج لك ل نوسراوماندا   وينديىك
ئاراستوى بوريزتان دىكىين كه لوسور رووبورى ) ٧٤,٨٤٠م٢( ديزاين كراوه بالىشت بهبريارى ئهنجومونى
بالآى وهبهرهينان ثماره )٢٤٦ له ٢٨ ٠٥ ٢٠١٥(، تكايه بفهرموون به راو سدرنجى بوريزتان .
له0ل ريزدا .
هاويت
٢٠
سليمانى له بهروارى )٢٥١٦/٢٢
سايت يلانى نودى يروثهى داون تاون
ئهنجومدنى بالاى و٥بدرهيذان ثماره )٢٤٦ ه ٢٨ ٢٠١٥١٠٥(
وينوي ك ب
فايلى يرآثه
بهريودبهرى ديبيدراو
ريباز هيوا
٦٥٧f ٥؛٣
|n4'!111[% 1/9!03;!01+111{
٦/٢٢ ٢٠٢٥
هيوا زوج :ئؤ غ0بردينار / سنوردار
Building 1
Baharan , Malik Mahmud Road Sulaymaniyah, Kurdistan lraq T; +964 53 318 9190
كشتى
تاون
بريارى",,2.4014,,,
,0.4678,Heuristic color/shape placeholder; validate manually or replace with trained detector.,,184-25_1_2_310126_2515629105-1,,easyocr,,,,3769.58,,Directorate General Of Investment Sulaimany,,2,raw,"كوردستان - العراق
ههريمى كوردستان - عيراق
6
الوزرا ;
ئه نجومدنى وهزيران
وثن
هدئة الا
ددستهى وهبهرمينان
الديرية العامة للاستثمارفي السليمانية
وهبه رهينان / سليمانى
بهريوبدرايدتى
_ والاجازات
مديرية
_ مآلدتدان
بهريوبه رايدتى بهريكردن و مه لآسل!
التروبج و
بهريكردن وهه لسه نكاندن
N0:
٤x ٥ ٦
ثماره :
DATE:
وا بسد وهم
٢٧٧٥/
بهرامبر :
٧
/ /
باروار 
لنل مد
وشتوو
٧ / ٥ 
سهروكايهتى شارهوانى سليمانى
بآ /
بابهت / بروزهى
وهبه رهينهر ا كومبانياى
بآتان كه
لهa2ل نوسراوماندا سايت يلان يروزمى ناوبراو
به
ياشان بهسهندكردنى
9
بفهرموون بو جيككردنهوه
نيازه جيبهجيى بكات
به
هيوان رووف |
رروثمكانى وaبهرهينان 9 رمجاو كردنى
لهa2ل ليثنهى بيكهينراو تايبات به
هه ما
70R ( تايبهت به سايلوى سليمانى .
لبثيردراوه )
لهسهر هه
تايبات به يرزدكى
لهكaل ريزدا ..
جلال
/به ودكاله ت
به ريوبهرى
فيلديدك با:
/ لهكaل ريزدا
نووسينfهى بهريز به ريوبهرى
و مؤلهتدان / بآ ئاكاداريتان / لك ل ريزدا
بهريوبهراي تى بهريكردن 9 هىلس ز
بهشى بهريكردن وه لسهذ
9دبه رهينهر
٢ ٢٠٢٥١٧
خولا9
Directorate General Of Investment Sulaimany

وهبهرهينان
بهريوبهراياتى ,
اقليم
مجلس
ستثمار
كشتى
 نكاندن و
 التقييمو
 التروبحو
التقييم
م ام
ر
تاون
دا9ن
هاوييج
ده نيرين
ههنfى
كنوسى
ئامانج
فائق
كشتى
كشتى
ن2اندن
نكا ندن
كثتى
- سليمانى",,2.7724,,,
,0.21,Heuristic color/shape placeholder; validate manually or replace with trained detector.,,184-25_1_2_310126_2515629105-1,,easyocr,,,,3769.58,,,,3,raw,"مكوما تر @درنمي كوردستان - عيراق
اخد رو كايدئى ندنجومدنى ودزبران
ودزاردتى شارهوانى وكاشت وكوذار
كؤيؤ وذى زماره 
وبت روكابدتر شاردوانى سلبمانى
إبدئث; ١١٨٢  ٢٠٦٢
١  ٦، ،٧
سلندانى
ندنجومدن ساردوا
اجاروس دكردنر كبشال بدززال
_ دنذهئ باسايى قواو بووبع ناعاله بوونى بهرير
حزى اساذدا له دنكه ولى إ٨ ٧ا ٢٠٧٢ ! ياش,
دنجوس در ساردوانر كذبرونووم
ودبةرخينان ذماره )٦٦٨٦٥ ٥١ ١٠٢٠٢٢٨١( ٠5
بهرنو 0به رايدثر
كوكردن نامازه بدلوسرا
؟
بو لتمبا
نوئس ذي داواذارى
جاردسوركردنى  كنسكالى   جيبهجن
نراب غالي  ثارءت به
5
لكنوصراويان   وبئديدك لدكؤلوسي بشكنبنى هاوباسى
ههردووبرياردكنى إعاردا ٦٠١٨٢ ٢٤ اندنجومهلى باآءي ودبورهنان لدكهل د٠5ل كونوسى بسدوارى )٢٠٢٣٨٥٨١٠( شاردوالى ماوبنجه .
ادببر :ؤوفقة دغه ودى ماسد رباذن له }٤٦7٦٦٢١٥ ٢٤٠
بدذزهكه بنث بع آ ٧٠١٤٠ا  فدعدض بع بوجلردلموهى برياري بنشوثر
قاؤب نددبين رروبدرئ
ا٠ب ببي كولر سر
نارجه يار جه
باردسارييدود و باخجديدى كمكبوردىم برو]كداي نالين بجذراببت ككفدخنى كهشفى ليذن 5 دا
آ-
ببتدرك بريؤ بدات ىتو باخج تهنيا جوون زوورهون بؤبروزاك
يلوذئ  يويسته دراسى نرافهعى ناوجه5 و ديزابلى
ندقامى سدرولى بيث, ود لهم بركديهى ) مدخل ئ معرجا
جذند ددرهودش دسدمان بامومان نيوء مدرج ليا
ا 3
قرنت
كه  ديزايلى سابت باذلى بدوزدك
ندقامو سةودكى نه همبه سينراءى بسترننهود ددنا دواى دراسه كردنى ندافيكى
ذدنبمعلتك بسمشكقاني
بفجوهان رانر كغتوكو ر ايكؤلينهوه بدزاوبلاى ددذك ببيادباآنك نكغنسن
نوكلدنى دلختلكر ث
تتتنت يستاما خقن جفبراي نيات رءرعتانتبفقلكان
سبوك شيوانوئ ندساجا
تروتي نهنجوسن
سدؤكى ندلجومن
عدد غلى
لب , كستى / لبلى 
س تعد لودي
1
داوئر ظر
نإيغ محمدامبن بهدام
مدعب  جابل
ا تدام
اءنث
نصوالين
عالح
بالال
ند ندام
-مئدام
بيتصن حعن بادام
ببدار
شاناؤ
ثالاو جئأل وسول
ن برآ 
ئم تداء
ثدئدام
باوذان محنود امصن
يثر حء تمديق
ديار غإيب
جوان خاضل
+ مالءند ر :
صانري د درائ
زج  فذمرد 7
له اوبوبررى ل٦ع ،لم ٩ راار تات(
،؟٦
ج نور دارا مام
ب
ط م  رث
٩ ٨٩ ،
: ٦؛
اني
ئارن
دارن
لدردئ
ئاسابم
كستر
=إاإى
؟ا؟ا
لغااؤه
نندر
تردئب
بلوذو كه
_ ييتء
٢نغر
ي ن_
عا تو9 :
لوئوؤل
بيابئ
نارنى
لمسةد
لصةي
نار بء
تنن
تيكري
دلادق
آذثاد
اندام
لذندات
عباح
آلدن
عسام
دلداح
عاجر
اد داؤر
عارب
اميز
-لج ٢ و",,5.8018,,,
,0.3683,Heuristic color/shape placeholder; validate manually or replace with trained detector.,,184-25_1_2_310126_2515629105-1,,easyocr,,,,3769.58,,,,4,raw,"Hiwa Rauf
| ٢٠١٠lnni
[٠٠٠
بمردار: ٢ ٢٠٢٥٨١٠
زماره : ٢٥١١٧٩
بز: سسرزكايوتى شاردرانى سليمانى
بابدت : بىساند كردنى ديراسوى تراليل ستددى فS فنafآ
Traffic Study) مارينج لمكدل نوسرارماندا وننديمك له تونثينهوه د ديراسهي تراليكى
ينشمركه كه للايان
سليمانى ر ديزاينى

شوناماكانى دموروبىرى برفذمى داون تارن
نوسينكهى راويزكارى تايبهت به ترافيك )MIC٠HUB(ى نيتاى د به ماوكارى ر ناكادارى بهرنزتان
ناماده كراوه ناراستهى بىريزتان ددكاين بهمابىستى بسىند كردنى د به بىرنزتان رالمكايىنىن
تيبينى ر داواكاريمكانتان له بريارى كزبرونهومى نمنجوممنى شاردوانى ثماره )٤٦ ه ٢٣٨١١٢٩
له ديراسى ناماثم بزكراد روجار كراون .
لىكمل
ماربيد :
Downtown Slemani TraHfic Impact Study ه )٢٠٢٥٨٩٢٢(
Downtown Slemani Wide Scale Assessment ه )٢٠٢٥٨٩٨١٧(
بريارى كزبورنىرمى نونجومونى شارمرانى زمارم )٤٦ ٥ ٢٠٢٣٨١١٨٢٩(
رننيمن بز
نايلى
بهرنومبمرى رنبندراو
Hiwa RoUf
٥
رنباز ميوا
. 
مبوا رؤوفبؤ وصدرمنئان / سبوردار
C
1'/<
٣٠٣٧
٤
ا٥
ngرم
،٢ ،٧٥٨ ٣١ ؟؟ ٦٥ ،١٥٦ » ،؛٤٤ ٩٥٠١ ٠٠،١ ٢  ١ ٠  ١٠ ،» ؛ ٥
د؟91 315 53 :9
 تادداانى
ماردكاب تى
9?309
شابنى
(٢٠
رنزدا .
برززه",,2.574,,,
,0.5062,Heuristic color/shape placeholder; validate manually or replace with trained detector.,,184-25_1_2_310126_2515629105-1,,easyocr,,,,3769.58,,,,5,raw,"Kurdistan Region
كريشى كوردستان
Council of Ministers
سهروكاي تى ئه نجومدنى ودزيران
Supreme Council for Investment
ئه نجومد نى بالاى وهبه رهينان
0
6;-ا.)
<٦٦
زمسارد :
Date:
/ 5/?015
٦ ٨٦
/٥ ` ٢٧ ى كوردى
امردان
ا
رنكهوت :
٥١٢ /٤٠١٥
بريار
9 (٢٠٠٦)
بالبشت به بركهى ) سييهم ( له ماددهى )١٤( له ياساى وهبهرهينان ثماره )٤( ى سالى
له
= مهنى بالاى وهبه رهينان
سنيه
بركهى )٢٧( له كونووسى كبووندومى بيست 9
)٢٠١٥،٥٨٤( و ئامازه به نووسراوى سهركايهتى شارهوانى سليمانى ثماره )١٤٤ له ٢٠١٥٨١٨٥( كه
تايبهته به يروزمى ودبهرهينانى كاشتيارى و بازرانى و نيشتهجئ له شوينى سايلقى كآنى
(٢٠١٤/٩٨١٥
)١٨٣ه
زماره
بالآى   وهبهرهينان
مهنى
بريارى
ئ
بهيى
كه
سليمانى
ردزامدندى دراوه لهسىر تهمليك كردنى سايلوى كآنى سليمانى به رووبورى )٦٥٥٠٠م٢( به
9
كرتنه وهى مولك كان
دواى جياكردنه وهو
رهئوف ( بولآم له
محمد
وهبه رهينهر ) هيوا
و خزمات كوزارى ناوجدكه دهركهوتووه بارجه زدويهك له بيش
شه قامه
9
ريكخستنه
رووبهرى زهوى شوينى سايلو به رووبهرى )٩٣٤٠م٢( زيادى كردووه بآيه داواكراوه كه بخريته
رووبهره زيادكرا وهيه بخريته سهر شهقام و سه وزايى
سار سنوورى يرآزاك  بهم4رجيك
خزمات كوزاريهكانى ناو يروزاكه . بريار درابه
زه9ى
برى )٢٥٩٣٤٠( بظ
به
رووبهره   زيادديه
يهكوم ردزام ندى دان لهسار زبادكردنى
ربيت
بظ سهوزاي
به
تىرخانكراو بآ يروزدكه
برياره جيبهجن بكون .
دوودم : لهسور لايانه يهيودنديدار كانه لهروزى دهرجوونبيهوه
نيجيرقان بارزانى
ومهنى بالآى و٥به رهينان
سرآكى ئه
2.
ئهنجو9
 مى
ئه نجد9
نا9ى
يهك
كان
هى
ئهم
سهل
ئه 9
بهكا
مهرجيك
ئهم
 نجو",,3.3293,,,
,0.3223,Heuristic color/shape placeholder; validate manually or replace with trained detector.,,184-25_1_2_310126_2515629105-1,,easyocr,,,,3769.58,,,,6,raw,"Hiwa Rauf
١ ٨ت٤١٥٥»٥٤ ٥ ٥٦١ ١٦٥٥١٦
،( 
بروار: ٧٧ ٣٠٢٥١٨
| ٠
ثمارب ; ٩ ٣٥١١٤
بؤ : سروكايدتى شاردرانى سليمانى
بابات : يرآنئ داون تارن
له
سليمانى   ثماره )٥٧٩١
ره بهرمينان
بهرتودبىرايتى
بنوسرارى
ناماؤد
سليمانى داواكارين لهبهريزتان رازامندى بفارمورن
-=
٠ ٢٥١٨٢٢ ٢٠( تأيبات به يرؤرهى داون تاون
بوموباستى ييدانى ردزاماندى
نووسراوهمان بزنهنجومانى شارهوأنى
به بررركردن رى
جياكردنوهى  مولككان 9 راستكردنهوه وفراوانكردنى
ب
يهككرتن
نانجامدانى   يراسى
بذ )٠٧٤،٨٤٠ ( بهجيبه جيكردنى مهردور بريارى ئاتجوممنى بالأى وهبهرهينان
بدوبارئ
ثماره )٢٤٦ ٧ه ١٥١٥١٢٨ ٢٠( وبريارى نهنجومهنى شارهوانى سليمانى زماره )٤٦ ٧ه ٢٩ ٣٠٢٢٨١١( و
وهبهرمينانى سليمانى
درومما يىسىند كردنى سايت يلانى ييشكشكرار ك4 بهريودبارايوتى
به نوسراويان رماره )٤٣٦٥ له ٢٠٢٥١٧١٣( ئاراستى بريزتانى كردروه بىرماردى ٥اتورتان )١-
بق ددستىنكردنمان بهكارى
٦ ١٩ ٢٠ ه ٢٠٢٥١٧١٣( تاودكو رهزامه ندى بفهرموون به رنك ييدانى
بو دمسع
ل
كردووه
لبىرئهودى كآمنانيامان لةسنرجهم روؤةكاتموه
نيكردن له بنكئ بنفتدك د!.
لاكال رنزدا . ٠٠٠.
ماوبته :
له
ووبرمينان - ستيعانى ذماره )٥٧٩١ له ٢٠٢٥١٨١٢٠، ٤٣٦٥١٥
ماردوو نوسرادى بارنر برايمتن
٦٥١٧٢٣
بريارى ننجومهنى شاردوانى سليمانى ذماره )٤٦ ٧ ٢٢٠٢٣٨١١٨٢٩
بريارى نمنجومانى باذى روبهرمينان إماره )٣٤٦ ه ١٥١٥١٢٨ ٢٠
ريندياك
بز رانيا ريتان لهك ل بيزدا
سلبمانى
<
ردب ربينان
بهريومبىرايوتى
برزره
باريوهبارى
رنباز ميوا
Hiwa Rauf
ا
pmt'i1د1؛ا 0
Inn'mt٢ 1
٢٧ ٢٠٢٥،٨
ز(
0
٧ ٠ ٨ ٥ ٦
هيوا ر0دعابؤ و0بدرهبئان / سنوردار
٧ ١٨١٢ ٥ ٢ ٠ ٢
٥11 
1ئر; ا4 آر٨ا + ادا٨ا  دان للء آرا
آلم
،٦ ،١٤،١٦ ١،١ ؛٢٠»؛١٦ ١١ ؛ ١١ ٢
١،١؛١؛ ١٦ ٦، ،؛ ٦ ٥٥،
ن 9
سليماني
كشتى
سلنمانى
ثم
كارى
برو ه كه
كشتى
كاتى
ننذر كه
ناما ذهيه
ئاما دهكادى
كشتى
٢٣٠
؟شتى
ناياي",,3.9538,,,
,0.4798,Heuristic color/shape placeholder; validate manually or replace with trained detector.,,184-25_1_2_310126_2515629105-1,,easyocr,,,,3769.58,,,,7,raw,"Hiwa Hauf
Investment & Development
بهروار : ١٣ ٢٠٢٥١٨
ثماره : ٢٥١١٤٣
سليمان
وهبهرهينان
بهريودبرايدتى
بو :
بابات : داواكارى
كه
سليمانى
ماوييج لك ل نوسراوماندا وينىيك له رايورتمان سدباردت به يروزدى داون
ما
٦٨١٩ ٢٠١٤( ئاراستى بدريزتان دىكوين
ا4
خاودنى  مآلدتى ردبدرىينان  بوزمارد )١١١
لويرآثدى داون
و باسوندكردنى سايت يلان 9 داستب كا ربووا
يهكلاكردندودى رووبارى
سليمانى .
داواكارين لهبوريزتان رىزامىندى بفورموون بيشتىيرى كردنمان ومورودما ناردنى رايورتى ئاماثه باكراق
كرتنوبورى ريكارى ياسايى وكاركيرى بيويست
ما
بآ سورآكايدتى شاردوانى سليمانى
له ل
ماوبيج :
رايورتى يرآزدى داون تاون له )٢٠٢٥١٨٨١٣(
وينويك ب؟
فايلى
بهريودبهرى ريبيدراو
HIw4 Ra٧f
Inve5tm8١1 &, [2٧/0;)'٤/1;
ريباز هيوا
١٣ ٢٠٢٥١٨
هيوا زوجف بو و0بترهينان / للنوردار
Building ٦ , Baharan, Malik Mahmud Roac, Sulaymaniyah, Kurdistan Iraq, T; +964 53 318 9190
كشتى
تاون
بهئا ,
انجى
تاون
نمان
يرآزدك 
بهئا ,
ا نجى
رنزدا .
يرآثه",,2.3766,,,
,0.4246,Heuristic color/shape placeholder; validate manually or replace with trained detector.,,184-25_1_2_310126_2515629105-1,,easyocr,,,,3769.58,,,,8,raw,"Hiwa Rauf
Inivestment & Development
سليمانى
رايورتى يرآذدى داون تاون
(٢٠٢٥١٨/١٣)
9
بريارانوى كدىرووه لسوروكايوتى ر ئونجومون 9 بريوبورايدتى
رايورتودا ئاماث  دىددين به سورجىم
سليمانى ( مور لسدردتاى ودركرتنى زدوييدكاوه تاودكو بوروارى

فورمانككانى ميرى تايبوت بيرآزدى ) داون
بائامانجى
رايورت  كه بوييى زنجيرهى ميثووى ههر فهرمانيك برياريك  نووسراويك بهيان
نوسينى
يوكلاكردندودى رووبارى زدوى يروjدك  كبدييى دواين بريارى ئىنجومدنى بالاى ودبرىينان و ئونجومدنى شاردوانى
يروثديه كلدئيستادا  لسرآكايدتى
م ( هرومما  ياسدندكردنى سايت يلانى
٧٤،٨٤٠١
له
بريتيه
شاردوانى سليمانييه مهرودما بآددستكردن بكاركردن ليرآزدى ناوبراو لونزيكترين كاتداء كه له خواردوه ئامازديان
بيدراوه : -
٧/٢٥ ٢٠١١( كوئاراستاى و٥زاردتوكانى
ئاماثه   بونووسراوى سدروكايدتى ئىنجومانى ودزيران ثماره )٧٨٧٦ له
بهياساى
و داواكراوه اليشت
ئا بوورى (
9
و دارايى
كوشتوكوزار
9
)بازركانى j 9يشهسازى 9 شاردوانى
وهبهرىينان ولوسور بنماى ) بانكوواز وكيبركى ( ) ترويج ( بكون بآزدوى ) سايلقى سليمانى ( بهموباستى دروستكردنى
رروثهى وهبهرمينان .
|
9
ودبورهينانى سليمانى  بانئوواز بق يرآزدكه كراوه   بوناوى )يروزمى بازركانى
بهريو بورايدتى
كوردستانى نوى بهثمار 
بانكوازىش لموردوو روثنا ,
،(٢
٥٠٠١
كشتيارى 9 نيشتجى ( بهرووبىرى
)٥٦٢١ ٥٧ ١ ٢٠١١٨١١( هدرودها رآثنامدى )هاولاتى  بوثماره )٧٧٩ له ٢ ١١ ٢٠١١( بلاوكراودتهوه.
٣
وهبورهينانى سليمانى جالاكييوكانى بمجر  دياريكردوو :-
 ناودرآكى بانكدوازدكدى بريودبدرايدتى
بهرووبارى
سهروكى سليمانى
بشى ييشومى زدوييمك  بريزمى )٢٠ز( كىددكوويت  سىر
أ٠
و تومار بكريت بونارى سوروكايدتى ئونجومانى
)٠ ١٣,١٠ ٢٥( تورخانبكريت بق سدوزايى 9 بوكارىينانى
وهزيران .
ب بشى ناوراستى يرآثدك  بريزدى )٣٥%( تورخانبكريت بق جالاكى ) بازركانى ف كشتيارى (.
ت بشى يشتردى زدويياك  بريزدى )٤٥%( تورخانبكريت بق جالاكى ) نيشت جيبوون (.
٢٦ ١٢ ٢٠١١( ليثنيهكى تايبوتموند   يكهينراوه
بهفورمانى   سدرآكى  ئدنجومدنى   ودزيران ثماره )١٤٣٨٧ ه
٤
رازى
لهيا
وهبهرهينورانى كوبوشدارى
بمدبوستى برياردان
0
يرآزدكهى
) احالة (ى
لوريكووتى )١٣ ٠٢ ٢٠١٢(
9
خآى   ئونجامداو 
ليثنهى   ناوبراو  كارهكانى
ياشان باليشت بدفورمانى سدركايدتى ئونجومدنى ودزيران
بورزكردوودتدو  بو سوركايوتى ئونجومدنى ودزيران
ثماره )٤٦٤٨ له ١٩ ٢٠١٣١٥( يرآثدكه سيارددى و٥بهرمينهر )هيوا محمد دؤوف على ( كراوه.
ناودرآكى دابدشكردنى جالاكييدكانى
كونوسى )احالدى ئاماث  بوكراوى سدردو  جوختكراودتهو 
٦. ه
بو بازركانى 9 ئاشتيارى و ٤٥% بآ نيشتهجيبوون . هرودها
9
يرآزدكه بمجر  خواردو  )٢٠% با سووزايى
Page 1 of 4
Hiwa Rauf
١٨١٥١»٤«١٨1٤ ١
Development
Building 1
Baharan, Malik Miahmud BoagoSugvganieb CustBn Iaq, T: +964 53 318 9190
لهم
ئهق
تاون
ئهم
ئهم4ش
ددكوين :
سليمانى
ئهم
كراوه
كشتى
لهلايون
٦٥,
ئهم
مهى
كشتى
شهقامى
تاسلوجه
كشتى
مهلبثاردنى
لوسور
ئهق
انكووا
دهكون
برآزدك  .
كونووسى
ههمان
لهسور
٣٥",,6.6532,,,
,0.4355,Heuristic color/shape placeholder; validate manually or replace with trained detector.,,184-25_1_2_310126_2515629105-1,,easyocr,,,,3769.58,,,,9,raw,"Hiwa Rauf
Investment & Development
ريثهى
كه
داواكراوه
لوخالى )٣(ى كونووسدكدا ماتوو  كيروزدك  ييكديت له )٨( بالدخان  ئام  جىه
سال( ئىركى سدوزكردن 9 خزموتكردنى بخريته ئاستآى ردبورىينىر .
سهوزاييه بآ ماردى
ئامازه بونووسرارى سدركايدتى شاردوانى سليمانى ثماره )١٧١٤٤ له ٢٥ ٧ ٢٠١٣( كوئاراستوى بريودبدرايدتى
وهبورهينانى سليمانى بوزماره )٤١١٥
بهريو بورايدتى
وهبهرهينانى سليمانى كردووه  ههرو٠ما
ريثدى ئاماثه بقكراو
ده
ئا ماثه دراو توره
له ٢٠١٣٨٨٨١٩( سهباردت بريزدى تورخانكردنى جالاكى
بق بازركانى وكوشتيارى و ٤٥% بق نيشته جيبوون (.
9
له كونوسى احال  به ريزدكانى )٢٠% بق سووزايى
=اوى زدوييك  و سلكرتنىومى رووبوردكان دىركووتووه كلنار
لوياش ئونجامدانى ريكاردكان 9 )مسح ( كردنى
سدفين  بورووبورى )٣ دظنم . لدبدرئدو  بونووسراومان
زدوى يرآزدكمان كاركيدكى ئارد مدي  بوناوى ) كاركاى
وهبهرهينان كراوه داواى فراوانكردنى رووبهرى
ثماره )١٣٨٥٤ له ١٢ ٢٠١٣٨١١( كوئاراستوى بوريودبورايدتى
يرآردكدمان كردووه بهو ئامانجدى بخريته سور رووبورى سدوزايى
٩
ئانجامداوه 9 تيايدا
بوياريزكاى سليمانى لريكووتى )١٩ ٦ ٢٠١٤( كبووندودى
. ليثنهى   وهبهرمينانى
ناوبراويش بالبشت به فهرمانى ثماره
9
رهزامندى داوه بتورخانكردنى شوينى كاركوى سدفين باسووزايى
بهريز باريزكارى سليمانى يوسوندكراوه .
)١٣٧٤٥ ه ٢٣ ٦ ٢٠١٤(
لوبوروارى )٢٠١٤/٦٨١٩( يرآjدكدمان مولدتى مرجدارى ودبدرمينان به ثمارد )١١١( ودركرتووه ل4بريوبرايدتى
وهبورمينانى سليمانى .
1
بهنووسراويان ثماره )١٤٤٤٤ له ٩ ٧ ٢٠١٤( كه ئاراستوى بريودبرايدتى شاردوانى
سورآكاياتى شاردوانى
9
روثئاواى كردووه بمدبدستى ئونجامدانى كردارى يىككرتن 9 جياكردندر  بق زدوييدكانى ثماره )٤/٥٦ ٥ ٦/٥٦
٧١٥٦ و ٥٧ و ٢٦٤ ١٤١٣ كمرتى ٨ ئابلآخ ( و ييكهينانى زهوى يرآثهى داون تاون بهرووبهرى )٦٥,٥٠٣ ٢٥( لهياش
له
يوككرتن 9 جياكردنهو  ئدنجومدنى شاردوانى سليمانى بريارى لدسدرداو  بوثمارد )١٢٢٥
ئهنجا مدانى
١٢١٦ ٢٠١٤(٠
ئهنجومدنى بالاى ردبدرمينان به برياريان ثماره )١٨٣ له ٩٨١٥ ٢٠١٤( ردزامدندى داو٥ بتومليككردنى زهوييدك 
٢ ١
لوسور ودبورهينور ) ميوا محمد رؤوف على (.
، ١٣
بهياريزكاى سليمانى لريكدوتى )٢٨ ١٢ ٢٠١٤(، تيايدا
بوكونووسى كبووندودى ليثندى ودبورمينانى
9
رووبورى )٢٠%( كتورخانكرابوو بآ سدوزايى بخريته سور جالاكيي  بازرئانى 9 كوشتيارى
داواكراوه
يرآزهكه 
تاون بخريته
نيشتهجييهكه 9 رووبهرى )١٢٠٠٠ ٢٥( زهوى ديكه كاددكهويته برددم يرآثهى
كونووسدش لدلايان باريزكارى
بينا 9 داموزراوهى ديكه زياد   نكات 
9
بمورجيك بىسدوزايى   بمينيتور 
وهبهرهينان كراوه بهنووسراويان ثماره )٢٦٥٧٦ ٧ه
سليمانييدوه يسدندكراو  9 ئاراستوى بوريودبورايوتى
(٢
٣١ ١٢ ١٤
٤ ١
سوروكايدتى شاردوانى سليمانى
يهككرتندودى مولكاكان 9 ريكخستنومى شدقا
9
جياكردن وه
٢٠١٥١٣/٢٦( بهمدباستى
٤ له
نووسراويان ئاراستوى ردزاردتى شاردوانى 9 كوشتوكوزار كردوو  بوزمار  )٩٨
Page 2 of 4
HIwa Rauf
Invesimer{ & Developmnent
Building 1 , Baharan, Malik Mahnigdoed/SuB@anjلy9eIBST:
-964 53 318 9190
له٥gى
ئهق
١0)
كشتى
وهلار
كشتى
مى
برو  كه .
مهمان
`٣٥
.^
تهقا
ئاردى
كشتى
يرا  كه .
سور
خوى
_كنووسى
لهلايون
كشتى
سليمانى
كارى
ئاماثه
سةر
ئه9
داون
سةر
ئهم
كشتى
لهياش
مهكان",,6.681,,,
,0.4412,Heuristic color/shape placeholder; validate manually or replace with trained detector.,,184-25_1_2_310126_2515629105-1,,easyocr,,,,3769.58,,,,10,raw,"Hiwa Rauf
Investment & Development
يوسدندكردنى كونووسى ماوييج كوتيايدا لدخالى )٢(ى كنووسكه ييشنيار كراوه بوفراوانكردنى زهوى
|
.(
بهرووبارى )٩٣٤٠
0
ئهنجومدنى بالاى و٥بدرهينان به برياريان ثماره )٢٤٦ له ٢٨ ٢٠١٥١٥( ردزامدندى داو٥ بهفراوانكردنى زدوى يرآثاك 
ددبيت بكاته )٧٤,٨٤٠ م (٠
رآزدكه كه كآى
بهرووبهرى )٩٣٤٠ ٥( بآ سدر رووبهرى
٢٠١٥/٦٨١١( برياردكوى ئهنجومانى بالاى
كشتوكوزار بونووسراويان ثماره ٨٣٤٣١ ١ه
9
وهزاردتى   شارهوانى
م
كردووه بىمدباستى جيب جيكردنى ناردرآككى 
انى
وهبورهينانيان ئاراستى سورآكايدتى
رايآرت  ناردرآكى بريارى ناوبراف جيبجينوكراوه .
تاودكو بهروارى
بهنووسراويان ثماره )١٩٠٨ له ٢٨ ٦ ٢٠١٥( ئاماثديان
١٧ ، بريودبدرايدتى نىخشددانانى ئارددانى ياريزاى
نوبوونيان سهباروت به جيباجى كردنى بريارى ثماره )٢٤٦ ١ه ٢٠١٥١٥١٢٨(٠
داوه به
سرآكاياتى   شاردوانى   سليمانى
برياردش   دهكوريتووه  با
١٨ . كرآكى   جيبوجينوكردنى   ناودروكى
٨
برياردوه   مستاوه بتومليك كردنى موردوو يارجه زدوى ثماره )١٤٢٨٧٢٦٤ كرتى
بهييجدواندى
تاسلوجه برووبورى )١٥,٦٢٠ ٢( بهردكازى
ساردكى سليمانى
شهقا )
9
كددكوويته بىرددم
باريزكاى
كهدهك4ويته
)باخجه ( مهرومها  مولكى ثماره )١٤٢٩٨٢٦٤ كورتى ٨
جظرد زدوييىك نوما يدوه كوبرياردكوى ئونجومدنى
سليمانى بهرووبورى )١٣,٩٣٥ ٢( بردكازى ) باخ ( بماش
جيبهجيبكريت   لهكا تذكدا   دهبور لهياش
بالآى وهبهرهينان 9 بريارى وهزيرى شاردوانى و كاشتوكوزارى
راستكردنووه   ويهككرتنى
جيبهجيكردنى بريارى ئهنجومهنى بالاى ودبدرمينان موستايه بوئونجا 
ميرى به نوسراويان ثماره )٤٥٦٣ ١ه
خانووبردى
ئ
باجاكان
بريو بورايدتى
ئهمه .حكه
دوو باخجايه
سوركا يوتى
ئابلاخ  بآ
ردزامونديان داو  باتوماركردنى زدوى ثماره )٥٧ كورتى ٨
(٧ ١٢ ٢٠١٤
شاردوانى سليمانى بمدباستى تورخانكردنى بآ دىستدى ودبرهينان !.
٩
رووبور   ليثنويكى ماوباش ييكهينرا لهنيوان   بهريودبدرايدتى
بمدباستى   جاردسوركردنى
وهبهرهينان 9 سدركايدتى شاردوانى سليمانى 9 بريودبدرايدتى تومارى خانووبدردى سليمانى . ليثنهى ناوبراو ل 
بهموردوو بريارى ثماره )١٨٣
كنوسى يشكنينى هاوباش له بهروارى )٢٠٢٣١٥/١٠( ييشنياريان كردووه باليشت
بكريت به )٧٤,٨٤٠ ٢(٠
ئهنجومدنى بالاى ودبورهينان كآى رووبورى يرآثدى داون
9
٢( يوسدندى ناردرآكى كونوسى ليزندى ئاماز 
ئهنجومدنى شاردوانى سليمانى به برياريان ثماره )٤٦ ١ه ١١٨٢٩ ٢٣
٢
)١٩( كردووه .
بوكرارى
بآئم ماباست  : داواكارين لوبوريزتان :-
9
يوككرتن
بريارى ييويست بدريت لسدروكايدتى شاردوانى سليمانى بمدباستى راستكردندوه ر ئونجامدانى
ئابلاخ 
٨
١٤٢٩ كهرتى
9 ١٤٢٨
١٤٢٦ ٥ ١٤٢٧ ٥
9
يهك لaمولكوكانى ثماره )٢٦٤ ١٤٢٥
جياكردنووه  با
بمدبدستى جيبوجيكردنى بريارى ئدنجومدنى شاردوانى بوزماره )٤٦ ل٥ ٢٩ ١١ ٢٠٢٣(٠
بريار بفورموون بيدسدندكردنى سايتى يلانى ييشكوشكراوى يرآزدك  .
Page 3 of 4
HIwa Rauf
Inveslef ? Duvelopment
Building
Babaran  MaliyL Mيlanuud Goa Sphynmيiah Kurdistan Iraq, T: +964 53 318 9190
بروزدكه
كشتى
كشتى
٦ ٠١
سليمانى
شارهوا
بولا
ئهم
سليمانى
لارى
ئهف
ئهودى
ئهق
ئابلاخ 
يراز ك 
لوسور
م
ئا بلاخ (
تهنيشتى
يرآزدكه
رودو
هيج
لهسور
كارى
ئهق
مدانى
كشتى
لهو٥ى
ناوى
سور
كيشهى
كشتى
ئهم
٦ ٢٤(ى
تاون
خالى
كارى
هار",,6.9247,,,
,0.4095,Heuristic color/shape placeholder; validate manually or replace with trained detector.,,184-25_1_2_310126_2515629105-1,,easyocr,,,,3769.58,,,,11,raw,"Hiwa Rauf
Investment & Developmnent
ها وييج .
بق دروستكردنى ئوفيسى فروشتن باييى
بريار بفرموون بهريكييدانى
وه بهرهينانى
٤ . تورخانكردنى باشى سدوزايى للاتونيشت   بشى ييشدودى يروزدك  با بريودبورايدتى
بمدباستى جيبهجيكردنى سدوزايى باخجوكان بىييى رينمايى بريودبرايوتى باخجوكانى سليمانى .
اوى تيدايه لهسدرجام روودكاندو  بو ددستىيكردن
بآ زانيارى بدريزتان لئيستادا كآميانياكامان ئامادديى
بوكاركردن ليروثدكه لوياش جيبوجيكردنى بركهى )١(ى داواكاريي4كمان .
لكa  ريزدا .
ما وبيج :
سليمانى
نىخشدى شوينى ئوفيسى يرآزدى داون تاون
بريارى ئهنجومهنى شارهوانى سليمانى ثماره )٤٦ له ٢٩ ١١ ٢٠٢٣(
وهبهرهينان 
وهبهرهينان ثماره )٦٨٦٥ له ٢٠٢٣٨١٠٨١( وكآنوسى يشكنينى هاوبهشى لينكانى بهريودبرايتى
نوسراوى بهريودبورايدتى
سوروكايدتى شاردوانى سليمانى. بورنودبدرايدتى تومارى خانوبدردى /١ له بوروارى )٥١١٠ ٢٣
نوسراومان ثماره )٢٣٨١٢ ه ٢١ ١ ٢٠٢٣(
باجهكان و خانووبهرهى ميرى ثماره )٤٥٦٣ ١ه ٧ ١٢ ٢٠١٤(
نوسراوى بهرنو بوراي تى
(٩١٨ ٢٠١٥
9
بولكونا مدى يارج  زدويدكان له بورواردكانى )٧
ثماره )١٩٠٨ ١ه ٢٨ ٦ ٢٠١٥(
نوسراوى بوريودبورايدتى نىخشددانانى ئاوددانى باريزهاى
كوزار ثماره )٨٣٤٣ ١ه ٢٠١٥١٦٨١١(
نوسراوى وهزاردتى شاردوانى وكاشت
(٢٨ ٥ ٢٠١٥
له
بريارى ئهنجومانى بالاى ودبورمينان ثماره )٢٤٦
نوسراوى سدروكايدتى شاردوانى سليمانى زماره )٤٠٩٨ له ٢٦ ٣ ٢٠١٥(
نوسراوى باريزكاى سليمانى ثماره )٢٦٥٧٦ له ٣١ ١٢ ٢٠١٤( وكآنوسى ها رييجى
بريارى ئهنجومهنى بالآى ودبهرىينان ثماره )١٨٣ له ٩٨١٥ ٢٠١٤(
بريارى ئهنجومدنى شاردوانى ثماره )١٢٢٥ ه ١٢٨١٦ ٢٠١٤(
ثماره )١٤٤٤٤ ١ه ٩ ٧ ٢٠١٤(٠
نووسراوى سدروكاياتى شاردوانى
ليثنهى وهبورمينانى سهربه باريزكاى سليمانى له )٦٨١٩ ٢٠١٤(
كوذوسى
مآلدتى ر٥بدرمينان ثماره )١١١له ٦٨١٩ ٢٠١٤(
فورمانى باريزكاى سليمانى ثماره )١٣٧٤٥ له ٢٣ ٦ ٢٠١٤( وكونوسى هاوييجى
نووسراومان ثماره )١٣١٥٤ ه ١٢ ٢٠١٣٨١١(
سليمانى ثماره )٤١١٥ ١ه ٢٠١٣١٨٨١٩(
نوسرارى بهريودبدرايدتى كشتى وهبدرىينان
نوسراوى سدرآكايدتى شاردوانى سليمانى ثماره )١٧١٤٤ له ٢٥ ٧ ٢٠١٣(
فورمانى سدروكايدتى ئهنجومانى ودزيران ثمار  )٤٦٤٨ ١ه ٢٠١٣١٥١١٩(
ه ١٣١ ٢ ٢٠١٢(
)احالة (ى
فورمانى سدروكايدتى ئدنجومانى ودزيران ثماره )١٤٣٨٧ ه ٢٦ ١٢ ٢٠١١(
بانوراز بو يروثدى ودبورمينان
ه ٢٠١١٨١١٨١(
روثنامهى كوردستانى نوى ثمار 
روثنامهى هاولاتى ثماره )٧٧٩ له ٠٢ ٢٠١١٨١١(
نووسرارى ئهنجومهنى ودزيران ثماره )٧٨٧٦ له ٢٥ ٧ ٢٠١١(
بهريوهبهرى ريبيدراو
ريباز هيوا
وينهيهك بق
١٣ ٨ ٢٠٢٥
فايلى
Hiwa Rauf
|n/P5{m8٨/ & 02٤/0»m&0{
هيوا زيو بؤ 09برهينان / لللذوردار
Page 4 of 4
Baharan, Malik Mahmud Foad, Sulaymaniyah, Kurdistan Iraq, T: +964 53 31R 91So
Building 1
كاتى
ناخشهى
كشتى
سليمانى
تهقا
كشتى
كشتى
(٢٠
كشتى
سليمانى
سليمانى
كابوندودى
كونووسى
يرآز كه
٥٦٢١١
يرآثه",,5.6068,,,
,0.4288,Heuristic color/shape placeholder; validate manually or replace with trained detector.,,184-25_1_2_310126_2515629105-1,,easyocr,,,,3769.58,,,,12,raw,"Hiwa Rauf
Investment & Development
بهروار : ١٥ ٧ ٢٠٢٥
ثماره : ١٢٥ ٢٥
سليمانى
ودبهرهينان
بآ : بريوبدرايتى
بابات : روزاموندى
كه
ددكا ت
سليمانى  جيبهجئ
بوريزتان ئائادارن كوميانياى ) هيوا رؤوف يروزمى داون تاون
باسايت يلانى يشكاشكراوى
خاودنى مآلدتى ردبدرمينانه به ثماره )١١١ له ١٩ ٦ ٢٠١٤(،
به نوسراومان ثماره )٢٥٨١٠٨ له ٢٢ ٦ ٢٠٢٥( داواكارين لهبريزتان ردزامدندى بفهموون
بييدانى ريكوييدانى كاتى بهئامانجى دروستكردنى ئوفيسى تايبات به )فراشتن  بشيوديدكى
ماوديه لادد بريت .
و ياش
لوناو يرآثدى ناوبراو بق ماودى سى  سال له شوينى سووزاى
لهك ل ريزدا .
هاوييج
١ه ٦٨١٩ ٢٠١٤(
مآلدتى و٥بورمينان ثماره
سليمانى
نخشدى ئوفيسى فروشتنى يرآزدى داون تاون
وينديدك بق
بهريودبهرى ريبيدراو
Hiwa Rauf
ن
٥٤!2|0{)(70{11
|n:25{/71&;?{
ريباز هيوا
١٥ ٧ ٢٠٢٥
سيوا ز6وفبو و0ب0رهينال / للنورداز
Builcing 1
Baharan , Malik Mahmud Road  Sulaymaniyah  Kurdistan lraq, T; +964 53 318 9190
كشتى
باليشت
برا هكه
كاتى
برآ هكه
ئهق
١١١)
فايلى
برآ ه",,2.4235,True,False,
,0.4551,Heuristic color/shape placeholder; validate manually or replace with trained detector.,,184-25_1_2_310126_2515629105,,easyocr,,,,3769.58,,,,1,raw,"Hiwa Rauf
Investment & Development
بهروار : ١٤ ١٠ ٢٠٢٥
ثماره : ٢٥٨١٨٤
سليمانى
وهبهرهينان
بآ: بوريودبدرايدتى
سليمانى
بابوت : سايت يلانى يرآثدى داون تاون
سايت يلانى
بهنووسراومان ثماره )٢٥٨١٠٨ له ٢٠٢٥/٦/٢٢( تايبوت بييشكشكردنى
ئاماثه
سليمانى كوئاراستهى بوريزتان كراوه و بونووسراوتان ثماره )٤٣٦٥ له ٣ ٧ ٢٥
بروهى داون تاون
ايدتى شاردوانى سليمانيتان كردووه بهمدباستى يوسدندكردنى .
ئاراستهى
ياليشت بوبريارى ئىنجومدنى شاردوانى سليمانى ثماره )٤٦ له ٢٩ ١١ ٢٠٢٣( كه تايبوت به جاردسدر
بق )٧٤٧٨٠ ٢٥( 9
كردنى كيشهى يروثهى داون تاون بريار دراوه بهراستكردنهوهى رووبهرى
دها يوسوندكردنى ديراسوى ترافيك ستودى ناو
سوباردت بيدسدندكردنى ترافيك ستددى ناوجدك  بمدمامدنشى 9 ماوكارى سدركايدتى شاردوانى
به
سليمانى بقوناغى كوتايى ئيشتوود 9 بونووسراومان ثماره )١٧٩ ٢٥ له ٢ ٢٠٢٥١١ ييشكش
سوركايدتى شاردوانى كراو  بدمدبدستى يدسدندكردنى .
بيشكهش
بوراستكردندودى رووبارى يروزدى داون تاون سورجوم يداويستييه ياسا 
سهبا
بورايورتى ماوييجى نووسراومان ثماره )٢٥١١٤٣
به سدرآكايدتى شاردوانى سليمانى كردووه
١ه ١٣ ٢٥١٨
9
يلانى   رآزدكامان
سايت
مانكيك   تيبوريووه  بدسر jيشك4شكردنى
لهبهرئوودى
رينماييدكان بآ مبوستى ئاماز  بكراو داواكارين لبوريزتان ردزامدندى
9
جيبهجيكردنى   مهرج
بفرموون بوئاراستوكردنى نووسراوى جوختكردندو  بو سدركا يدتى شاردوانى سليمانى بىمدباستى
يوسدندكردنى سايت يلانى يروثدى ناوبراو بهزووترين كات .
بهموردوو بريارى ئونجومونى
راستكردنهوهى رووبهرى يروثهى داون تاون بو )٧٤,٧٨٠ م٢(
ب
مهنى شاردوانى سليمانى .
9
بالاى وهبهرهينان
بق بورجاوروونى زياترى بوريزتان كوميانياكومان بدويارى تواناوه ئامادديه بآ ددست بوكار بوون لم
جدندين جار نوسراومان بهثماره )١٤٩ ٢٥ له ٢٧ ٨ ٢٠٢٥( ٥ )٢٥٨١٤٣
بن مايه
يروزديودا  لوسور
٢٥٨١ له ١٥ ٧ ٢٠٢٥( كه ئاراستوى بوريزتان و سورآكايدتى شاردوانى سليمانى
9
١ه ١٤ ٨  ٢٥
Page 1 of 2
Building 1 , Baharan, Malik Mahmud Road Sulaymaniyah  Kurdistan Iraq, T: +964 53 318 9190
كشتى
(٢٠
سورآكا .
يرآثدكه
جهكه
ههرو
نمان
ييهكا ,
رهت
باليشت
٢٠(٠
جهند
ماوهى
باليشت
ئهنجو
ئهم
٢٥١
(٢٠",,4.0042,,,
,0.4956,Heuristic color/shape placeholder; validate manually or replace with trained detector.,,184-25_1_2_310126_2515629105,,easyocr,,,,3769.58,,,,2,raw,"Hiwa Rauf
Investment & Development
و ددستبوكا ربوون ليرآزدكودا
كردووه بهمدبستى خيراتركردنى يرآسدى يدسدندكردنى سايت
بهزووترين كات
لهكaل
هاويي7
نووسراومان ثماره )٢٥٨١٠٨ ه ٢٢ ٦ ٢٠٢٥(
نووسراوتان ثماره )٤٣٦٥ ه ٣ ٧ ٢٠٢٥(
بريارى ئهنجومدنى شاردوانى سليمانى بوزماره )٤٦ له ١١٢٩ ٢٠٢٣(
نووسراومان ثماره )١٧٩ ٥٢٥ ٢ ٢٠٢٥٨١٠(
بريارى ئهنجومهى بالاى ودبدرهينان ثماره )٢٤٦ له ٢٨ ٥ ٢٠١٥(
(١ ٢٥ ٥ ١٥ ٧ ٢٠٢٥
له ١٤ ٢٠٢٥١٨(
نوسراوهكا نمان ثماره )١٤٩ ٢٥ ه ٢٧ ٨ ٢٠٢٥(
وينويك با
فايلى
بهريودبهرى ريبيدراو
ريباز هيوا
Hiwa
&
٠٦
`/1<_
هيوا
Page 2 of 2
Building 1  Baharan, Malik Mahmud Road, Sulaymaniyah, Kurdistan Iraq T: +964 53 318 9190
يلانوك 
ريزدا .
٢٥١ 9
١٤٣١ ٢٥ 9
رآثه
Rauf
Developmen
Investmenl
رؤوم بؤ
 09ب0رهينان /
لللذوردار",,1.8673,True,True,
,0.4278,Heuristic color/shape placeholder; validate manually or replace with trained detector.,,184-25_1_2_310126_2515629105-1,,easyocr,,,,3769.58,,,,1,clean,"Hiwa Rauf
Investment & Development
بهروار : ٢٢ ٦ ٢٠٢٥
ثماره : ٢٥١١٠٨
سليمانى
ن
وهبهرهينا ر
با : بريودبدرايدتى
سليمانى
بابوت : سايت يلانى يرآثمى داون
سليمانى (
سايت يلانى نويى بروثهى )داون تاون
له
هاوييج لك ل نوسراوماندا   وينديدك
٢٥٧٤,٨٤( ديزاين كراوه ياليشت بهبريارى ئهنجومونى
ئاراستوى باريزتان دىكوين ك4 لسور رووبورى )
بالآى وهبهرهينان ثماره )٢٤٦ له ٢٨ ٠٥ ٢٠١٥(، تكايه بفهرموون به راو سورنجى بهريزتان .
لهك ل ريزدا .
هاويتج
سليمانى له بهروارى )٢٢ ٦ ٢٥

سايت يلانى نودى يروثهى داون تاون
ئهنجومدنى بالاى ودبدرهيدان ثماره )٢٤٦ ه ٢٨ ١٥/٠٥
وينهيهك بق
بهريودبهرى ريبيدراو
ريبا ز هيوا
؟٦٤٧ ٦ ؛٣٦
١ ٧ ١،،٠،٠٠ ٢٦ ١
؛٢»٢٦٦؟;٢٠١٥، ٦١ ١ ٢
٢٢ ٦ ٢٠٢٥
هيوا ز6جئيئؤ و0رهيئار / سنوردار
Building 1 , Baharan, Malik Mahmucl Road Sulaymaniyah  Kurdistan-lraq T; +964 53 318 9190
كشتى
تاون
(٢٠
بريارى
براثه
فايلى",,2.0432,,,
,0.4087,Heuristic color/shape placeholder; validate manually or replace with trained detector.,,184-25_1_2_310126_2515629105-1,,easyocr,,,,3708.08,,Directorate General Of Investment Sulaimany,,2,clean,"كوردستان - العراق
هدريمى كوردستان - عيراق
5
الوزرا ,
ئه نجومونى وهزيران
هيئة الاستثمار
دهستوى ودبهرمينان
الديرية العامة للاستثمارفي السليمانية
 سليمانى
و0ب4 رهينان
بهريوبهرايدتى 
مديرية التروبج والتقييمووالاجازات
مولدتدان
بهريودبهراياتى بهريكردن و مه لسه
التقييم
بهريكردن وهه مسه 1
]10:
٥ ٦ ٤٢
ثماره :
DATE:
خطاى والبسما وهر
٢٧٢٥/
برا مبحر :
ب
يهروار :
ن
را
رؤشتوو
?٥
 ٢  ٧
سهروكاي تى شارهوانى سليمانى
با /
بابهت / بروزمى داون تاون
ودبهرهينهر  كومبانياى
يلان يروثهى ناوبراو ددنيرين بوتان كه
هاوييج لهa2ل نوسراوماندا
به
ياشان هساندكردنى
9
بفهرموون بو جيككردنوه
نيازه جيبهجيى بكات
هيوان رووف | به
ردجاو كردنى
9
يروزمكانى  ودبه رهينان
لهa2ل ليثنهى يكهينراو تايبات به
٥ه ما
70R ( تايبوت به سايلوى سليمانى .
هه لب يردراوه )
تايبات به يرازدكهى
لهكaل
جلال
/به ودكاله ت
به ريوبهرى
فتنديدك
لهك ل ريزدا
نووسينfهى بهريز به ريوبهرى
و مول تدان / بو ئائاداريتان / لهكول رىزدا
بهريوبهراي تى بهريكردن 9 مدلسه
بهش بهريكردن وههلسه 
٥9به رهينهر
٢ ٧ ٢٠٢٥
خولا9
Directorate General Of Investment Sulaimany
وهبهرهينان
بهريوبهرايىتى
اقليم
مجلس
كشتى
 نكاندن و
نطاندن
التروبج و
آ ارم
سايت
ههنكى
كانوسى
له سهل
ربزدا  .
ئامانج
فائق
كشىتى
كشتى
نكاندن
نكاندن
كشتى
سليمانى",,2.3329,,,
,0.1586,Heuristic color/shape placeholder; validate manually or replace with trained detector.,,184-25_1_2_310126_2515629105-1,,easyocr,,,,3708.08,,,,3,clean,"فكومه تر هدرذمى كوردستان - عيراق
سهدؤكايه تى ندنجومهنى ودزيران
ودزاردني ناردوائي وكئت وكوزار
كويإن إفى زماره : ٤٦
ىنروكايدتى شاردوانى سلنمانى
٢٦ » ٦
رنك وث : ٢٩ ٨ ١١ /
سلندانى
تونجوهدن ساردوا
اجاروسد ركودنر كبشد بدذذاي
رنزهئ باسايى ثواو بووبع ناعاله بؤون برير
لحذن : ساذدا له رذك تولى إ   ٤٠٢٢٨١ إ يائر
فدنجوعذ در فاردوانى كؤبروتهردي
واب ر غغطأن زماوه )٢٦٨٦٥ ٥٥ ١١٠٢٠٢٢٨١ ٥
بإ ليمول غاؤه وكسوكوتردن نامازه بدلؤسراتوى ب٠رفو بدرابدثي
نوئلعدي داوا؟ارى
جاردس وكردنى   كنسكالر   جيبه جن
درابءغالى   ثايدت به
؟
لدكؤلوصي بشكنيني هاوبانى
كتو =راءيان
هدود وؤبرباردكأنى إعاردا ٦٠١٨٢ ٢٤ ندنجومهلى باأدى ودبهرعمان لدكمل دى ل كؤنوسى ب٠وواوى ) ٢٠٤٣٨٥٨١٠( شاردوالى ماوينجه .
٤٦٦ ٤٠ ٢7٠١ ] ١٦٢١٥
}ءببى بولافقة بنه ودو جااءب ربالان |
يرؤزهكه ينث ف ٨ ٢٧٧٠١٤٠مافد عدفر بع بوج كردلدوهى بريآري ينشوثر
اءتببى كؤبر سر كنعي ماؤث نددبيث رووبسرئ
بهجؤروربت كلهخئدى كدضعى ليؤنهكهدا عاتووه لأرجه يارجه
باخجهيدى  قملدبهودوم برو]اكءداي
باذد_ا رببد رد
باخب تدليا جوؤنع لأوؤرهوا بؤ يءلازوك
ببتد ركيىيئ بدات
اكوذى ! وسة دواسدى نرافهكي ناوجه5ه و ديزابى
بركديدى آ فدعل ئ محبجا
توقامى سذرولى بيظ ؤد
غريث رد جإه ددرهودش ديبذمان بدقومان نيوء جدرج ليد
ندقاهو سهردكى نه قمليهميلراءى بطرتدود مدنا دواى دراسه كردئى ندافيكى ناوجء كه 9 ديذايلى سابت باالى بروؤدك
بخجوهه رءانى كفتوكو و انكؤلينهوو يدذوربلدى ٥٥ت٥ يبابطقن نكخشاضلع هللفللن لغيخصتك ططاذئفي ملكفكك هضكقاعي
بقطيع ابثبائت بعنءتبنى دبلتكنر
خزكخونام ٥ يخشابدكفى لكندوه فويراء غياتر ذويءرعنانف بذملكادع
ابدع _ ثاي داجخنفحاق
ت روكآ نهنجومن
جتكلك دؤكر نالجو ذبا
قنج غلر
له , حتتر !
سخفد لودى
داوئزظر !
ثاام
نإيغ محعداعبن بهولم
مكمب جابل
ط قدام
ذاندات
اءن
عباح نضوالدين
بالاج
ند ندات
 ئدام
بيعتن حعن بإرام
برال
شاناز
ثالاو جمال وخول
ند برا ء
د تداء
مدئدام
بارزان محدود امين
يثركء قديئ عاري
ديار غربب
جؤان خاصل
+ مالععة رثار
حاري ? دبرا .
لبج  ناعتد ت
٥١ وو«ررى ٤٦ ٢ ٨١ ٩راار تت (
بد ندتي جاي طاروا
ر
ظم +رسق
٧ ٩ ٨٧
الي
ثارن
دآرن
دودئ
ااسابم
كستر
فندر
خردئب
بلاذم كه
بانط بنك
أذفمء
٢حقر
نا لج=
بو
آ - ا4ئوئل
ديائئ
ي ثدؤ
نادنج
له تتء
نر
تصوي
تذن_
لبلي
طادق
آلذين
كالح
خام
تدلدام
ضا جز
فد نذاثر -
انيت
ولع م و",,5.8881,,,
,0.3146,Heuristic color/shape placeholder; validate manually or replace with trained detector.,,184-25_1_2_310126_2515629105-1,,easyocr,,,,3708.08,,,,4,clean,"Hiwa Rauf
Hatlarnst h Dia vtxTTOrI
بمردار: ٢ ١٠ ٢٠٢٥
زماره ; ٢٥١١٧٩
بز : سارزكايوتى شاردرانى سليمانى
Traffic Study بابهت : يعسدند كردنى ديراسهى تراليك ستعدى
Traffic Study) مارينع لمكدل نوسرارماندا رننديدك له تونثيندوه د ديراسهي تراليكى
سليمانى ر ديزاينى شابنى ينشممركه كه لهلايهن

شدتاماكانى دمرردبىرى برزذمى داون تارن
نوسينكهي راويزكارى تايبهت به ترافيك )MICHUB(ى نيتاى د به ماوكارى ر ناكادارى بمرنزتان
ناماده كراوه ناراستهى بىريزتان ددكاين بدمدباستى بسىند كردنى د به بىرنزتان رادمكايىنىن
تنبينى و داواكاريهكانتان له بريارى كزبوونمر٥ى نىنجومىنى شاردرانى ثماره )٤٦ له ٢٠٢٣٨١١٨٢٩،
له ديراسدى ناماثم بزكراد روجار كرارن .
لىكىل
ماربي :
Downiown Slemani Traffic Impact Study له )٢٢ ٩ ٢٠٢٥(
Downtown Slemani Wide Scale Assessment ه )٢٥١٩٨١٧ ٢٠(
بريارى كزبوونىردى نونجومدنى شارمرانى زمار٠ )٤٦ ل٥ ٢٩ ٢٠٢٣٨١١(
وننميمك
نايلى
برنومبىرى رنبندرار
Hiwa Rauf
٥
رنباز ميوا
. 
مروا رؤوفبؤ وديدرمننان  سلوردار
1'/c
٣٧ ٠ ٣
2
٢
٢٥١
Pرong
;٦ ،٧١٠٨٥٥ ٤١ ٦٥ ١ ،٧١٥»٥٠١٨ ٥٠٥؟ ١»٢٠« » ٧ ٩ ٨٥ ،»  ٤
3؟1ل9 316 53 994


تارداانى
مه ردوبه تى
?7( 
رنزدا .
برززه",,2.6675,,,
,0.4356,Heuristic color/shape placeholder; validate manually or replace with trained detector.,,184-25_1_2_310126_2515629105-1,,easyocr,,,,3647.58,,,,5,clean,"Kurdistan Region
شريشى كوردلستان
Council of Ministers
سهروكايدتى ئه نجومءنى ودزيران
Supreme Council for Investment
ئه نجومءنى بالاى وهبه رهينان
٥
2.4;6
<٥٦
رمسارد :
2 :ذ
Date:
/ 5/2015
٨٦ 
ر٥ ` ٢٧ ى كوردى
راقجان
٧
رنكهوت :
٤٠10/
بريا
:٤*
بالا ;
9
بالبشت به بركهى ) سييهم ( له ماددهى )١٤( له ياساى وهبهرهينان ثماره )٤( ى سالى )٢٠٠٦(
بركدى )٢٧( له كونووسى كوبوونومى بيست 9 سييدمى ئهنجوومهنى بالأى وهبه رهينان
)٤ ٥ ٢٠١٥( و ئاماثه به نووسراوى سهركايدتى شارهوانى سليمانى ثماره )١٤٤ ه ٢٠١٥٨١٨٥( كه
تايبهته به يروثمى وبهرهينانى كاشتيارى و بازرانى و نيشتهجى له شوينى سايلوى كونى
(٥١٨٣١ ٩٨١٥ ٢٠١٤
ثماره
و ه به رهينان
مهنى  بالآى
بريارى
ئ
بهبى
كه
سليمانى
به
رهزام ندى دراوه لهسور تهمليك كردنى سايلوى كآنى سليمانى به رووبهرى )٢٥٦٥٥٠٠(

كرتنهوهى مولك كان
وهبهرهينور ) هيوا محمد رهئوف ( بولآم له دواى جياكردنه وه و
خزمات وزارى ناوجدكه ددركهوتووه يارجه زدويهك له ييش
9
شه قام
9
ريكخستنه 
رووبهرى زهوى شوينى سايلوبه رووبهرى )٩٣٤٠م٢( زيادى كردووه بآيه داواكراوه كه بخريته
شهقام 9 سهوزايى
بهمهرجيك ئهم رووبهره زيادكرا وهيه بخريته
سدر سنوورى
خزمات كوزاريهكانى ناو يروزاكه . بريار درابه
برى )٢٥٩٣٤٠( بآ سىر زدوى
م ردزاماندى دان لهسهر زبادكردنى ئهو رووبهره زيادايه به
تهرخانكراو بآ يروزكه به مارجيك بو سهوزايى بهكا ربيت
برباره جيبهجن بكهن .
دوودم : لهسور لايهنه بهيو نديدار كانه له روثى دهرجوونبيه وه
نيجيرقان بارزانى
مهنى بالآى وهبه رهينان
سرآكى ئه
2.
0/٦`
ئهنجو9
ناوى
يهك
كان
٥ى
سهل
يرآزىك 
يهكه 
ئهم
نجوو",,3.1069,,,
,0.2881,Heuristic color/shape placeholder; validate manually or replace with trained detector.,,184-25_1_2_310126_2515629105-1,,easyocr,,,,3769.58,,,,6,clean,"Hiwa auf
١؛ ٤١٥٢٦٦٤؟٥٤ ٥ ٥٨١ ٦٥٤١٦؛١
؟ ا
ب روار: ٢٥١٨٢٧٧ ٧٠
|،
ثذرج ; ١٤٩ ة٢
بؤ : ساروكاياتى شاردوانى سليمانى

بابهت : يرفثدئ داون تاون
سليمانى   زمارن )٧٩١ث
ردب رمينان
يانوسرارى   بهرئرهبراباتى
نامار
سليمانىء داواكارين لبهريزتان ردزامندى بنرمورن
=
٠ ٢٥١٨٢٢ ٢٠( تأيبات به يرآرهى داون ثاون
به بهررركردنوهى نم نووسراوهمان بؤنهنجوبانى شارهوانى سليمانى بهمبستى يندانى ردزام ندى
جياكردنودى  مولككان g راستكردندوه وفراوانكردئى
ياككرتن 9
ئانجامدانى   راس
بق )٢٠٧٤٠٨٤٠( بهجييه جيكردنى مردور بربارى ثتجوئمنى بالآى ودبهرمينان
زروبارئ
ثماره )٢٤٦ له ٢٨ ٨٥ ٢٠١٥( وبريارى ئمنجومهنى شارموانى سليمانى ثماره )٤٦ ه ٢٩ ١١ ٢٠٢٣( 9
وهبه رنينانى سليناني
مىرودما يىسىند كردنى سايت يلانى يىشكوشكرار كه بهريودبورايوتى
به نوسراويان اره )٤٣٦٥ ٧ه ٧٨٣ ٢٠٢٥( ئاراسئدى برنزتانى كردروه برماردى خاتووتان )١-
تاودكو رىزاممندى بفمرموون به رنكييدانى كاتى بؤدهستىنكردنمان بهكارى
٦ ١٩ »٢ ٠ ٧٢٢ ٢٥
كردووه  ئأماذديه يز ذ سع
لبمرئ ودى كزنانيانان لتسنرجام رورةكاتوئ
jذكردن ل رنكئ برو ءك د!.
لاكال رئزدا ..٠ ٠.
ماوت :
ل4
ستيبانى إماره )٥٧٩1 ه ٢٠٢٥١٨٠٢٠،،
قص
و ذبدرفينان
موردرر نوسرادى برنردبرايوئى
٦٥٨٧٣ ٣٠؛
بريارى ت نجومهنى شاردوانى سليمانى ثماره )٤٦ ه ١٨٢٦ ٢٢٠٢٣٨١
بريارى نمنجومانى باذى ردبهرمينان إماره )٣٤٦ ه ١٥١٥٢٢٨ ٢٢٠
وينديهل
رانيا ويتان 4١ك   
سلبانى

رب ربينان
بارىر بورايوئى
فايلئ درزره
باربردبرى
رنباز ميوا
H١w4
InvlmheFi
Rauf
{Ti)30آتزات0)
٢٥١٨٢٧ ٢٠
٧ ٠ » ٥ ٦
هيوا رؤدعبؤ و0بدرغبتان / سنوردار
٧ ١٨١٢ ٥ ٢ ٠ ٢
١7؛٥٠
١ ٠i»  ٢ ١٠١ ٦١١ ١»»١٨ ١ ٠٢ ١،٦ ،١ر ٧١ ؛٧ ،1
داا راا لله اامء ارار !
١ ؟١؛ ،٦٨ ،١، ٦ ٧؟ » ،٦ ،٥ ،١٤ ١٤٧١ ٢٠٧٠»،١٦
(٠٠١
ردد
سليماني
كشتي
كارى
برو هك
كشتى
(٣٠
ننؤر كه
ناما دهكابئ
كشتر
٤٧٦٥١ ،
بزا
كشتى
 ٥",,4.2609,,,
,0.4075,Heuristic color/shape placeholder; validate manually or replace with trained detector.,,184-25_1_2_310126_2515629105-1,,easyocr,,,,3769.58,,,,7,clean,"HIwa Rauf
Investment & Development
بروار : ١٣ ٨ ٢٠٢٥
ثماره : ١٤٣ ٢٥
سليمانى
بآ: بريودبدرايدتى كشتى ودبرىينان
بابهت : داواكارى
كه
سليمانى
ماوييج لكل نوسراوماندا وينديك له رايورتمان سدباردت به يرآزمى داون
٦٨١٩ ٢٠١٤( ئاراستوى بدريزتان د٥كوين 
خاودنى  مآلدتى ودبدرىينان   بازماره )١١١ 4١
و ياسوندكردنى سايت يالان وددستبوكاربوونمان ليرآjدى داون تاون
يوكلاكردندودى رووبارى
سليمانى .
٥ها ناردنى رايورتى ئامازه بكراو
9
داواكارين ل4باريزتان روزاموندى بفورموون بهيشت2يرى كرا نمان
كرتنوبورى ريكارى ياسايى وكاركيرى بيويست
بآ سرآكاياتى شاردوانى سليمانى
لهك ل ريزدا .
ماوبتج
ه )١٣ ٢٥١٨ ٠ ٢ (
رايورتى يرآثمى داون
وينهيوك ب؟
فايلى
بهريودبارى رنبيدراو
Hiwa Rauf
Inve»me ( & [?0٧/0;1'»+'1:
ريباز هيوا
١٣ ٨ ٢٠٢٥
هيوا زوجف بو و0بدرهيئان / سنوردار
Builcing ٦ , Baharan, Malik Mahmud Poac, Sulaymaniyah Kurclistan Iraq T: +964 53 318 9190
تاون
مانجى
بوئا ,
يرازدكه
مورو
بهئا ,
مانجى
تاون
يراثه",,2.3447,,,
,0.379,Heuristic color/shape placeholder; validate manually or replace with trained detector.,,184-25_1_2_310126_2515629105-1,,easyocr,,,,3769.58,,,,8,clean,"Hiwa Rauf
Irvestment & Development
سليمانى
رايورتى يروثمى داون
،١٢ ٢٠٢٥١٨»
9
برياراندى كىددرجووه لسدركايدتى 9 ئونجومون 9 بريوبرايدتى
رايورتودا ئاماj  دىددين به سورجىم
سليمانى ( مور لسوردتاى ودركرتنى زدوييدكاوه تاودكو بوروارى
فرمانكوكانى ميرى تايبات بيروزدى ) داون
رايورت  كه باييى زنجيرهى ميثووى ههر فهرمانيك  برياريك   نووسراويك بايان ددكاين ; ئهمش بئامانجى
نوسينى
كبدييى دواين بريارى ئىنجومنى بالاى ودبورىينان و ئونجومىنى شاردوانى
ياكلاكردنوودى رووبارى زدوى
يرآزديه كلدئيستادا  لسدروكاياتى
٢( مرودما يسدندكردنى سايت يلانى
٨٤٠١,؟٧
له
سليمانى   بريتيه
شاردوانى سليمانييه مرومما بآدىستكردن بكاركردن ليرآjمى ناوبراو لونزيكترين كاتدا  كه له خواردوه ئا ماثديان
بيدراوه : -
٢٥ ٧ ٢٠١١( كوئاراستوى ودزاردتوكانى
- ئاماثه   بونووسراوى سدرآكاياتى ئىنجومانى ودزيران ثماره )٧٨٧٦ له
بهياساى
شاردوانى و كوشتوكوزار 9 دارايى 9 ئابوورى  كراوه و داواكراوه بال8شت
ل
بيشهسازى
9
)بازركانى
بنوماى ) بانكوواز وكيبركى ( ) ترويج  بكون بزدوى ) سايلوى سليمانى ( بهموباستى دروستكردنى
9
ودبهرمينان
بروثمى ودبهرهينان .
كراوه  بوناوى )يرآزدى  بازركانى
ودبورهينانى سليمانى  بانكوواز بق
٢ . لدلايون   بريودبورايدتى
كوردستانى نوى بهزمار 
بانكووازىش لمردوو روزنا ,
،(٦٥,٥٠ ٢٠
ا 
كشتيارى ر نيشتجى  برووبارى
)هاولاتى ( بهثماره )٧٧٩ ١ه ٢ ١١ ٢٠١١( بلاوكراوهتهوه .
)٥٦٢١ ه ١٨١ ١ ١١ ٢٠( مورودها روثنا د
ودبورىينانى سليمانى جالاكيياكانى بمجآرد -ياريكردووه :-
٣. ناودرآكى باننووازدكدى بوريودبدرايدتى
بهرووبارى
بشى ييشدومى زدوييدك  بريشدى )٢٠ز( كدددكدويت  سور شدقامى سدردكى سليمانى
٠٦
و تومار بكريت بوناوى سدروكايوتى ئونجومدنى
) ٠ ١٣,١٠ ٢ تورخانبكريت بو سووزايى 9 بكارىينانى
و٥زيران .
بريزدى )٣٥%( تورخانبكريت با جالاكى ) بازركانى و كوشتيارى (.
ب باشى ناوراستى
ت. بهشى يشتدردى زدوييدك  بوريزدى )٤٥ز( تورخانبكريت بآ جالاكى ) نيشتهجيبوون .
٢٦ ٢٠١١٨١٢( ليثنهيهكى   تايبهتماند   يكهينراوه
له
ئهنجومونى   ودزيران ثماره )١٤٣٨٧
٤ . بافرمانى   سدرآكى
وهبورهينراندى كبوشدارى دىكون لوبانشووازى يرآدك .
بىمدباستى برياردان لىسدر ملبزاردنى
لوريكووتى )١٣ ٠٢ ٢٠١٢( كنووسى  ) احال (ى   يرآثدكاى
9
كارمكانى   خآى   ئونجامداوه
- ليثنهى   ناوبراو
مهنى ودزيران
بدفورمانى سوراكايدتى
ياشان
بورزكردوودتدو  بآ سدركايدتى ئونجومدنى ودزيران
سياردهى وهبهرهينهر ) هيوا محمد رؤوف على  كراوه .
ثماره )٤٦٤٨ له ١٩ ٢٠١٣١٥( يرآزدكه ,
ناودرآكى داباشكردنى جالاكيياكانى
٦. ل٥ مومان كونوسى )احالدى ئاماز  بوكراوى سدردوه جوختكراودت و 
٣٥ز بو بازركانى وكوشتيارى و ٤٥% بآ نيشتهجيبوون . مهرودها
9
بهمجر  خواردوه )٢٠ز بآ سدوزايى
Page 1 of 4
Hiwa Rauf
In«t5101011/ 3
Developrnent
Building 1
Baharan,
Mjahmud BgagoSuavgaiabakuristan Iaq T: +964 53 318 9190
تاون
ئهق
لهم
تاون
ئم
برو هكه
ئهم
لوسور
يروزهكه
كشتى
ئهم
ا مهى
امهى
شتى
تاسلوجه
كشتي
يرآزدكه
ئهق
باليشت
ئهنجو
لمسور
يرآزدكه
Malily ",,6.0717,,,
,0.3599,Heuristic color/shape placeholder; validate manually or replace with trained detector.,,184-25_1_2_310126_2515629105-1,,easyocr,,,,3769.58,,,,9,clean,"ae
Hiwa Rauf
Investment & Development
ريثهى
لهودى -اواكراوه كه
ئوم
لوخالى )٣(ى كونووسدكدا ماتوود كويروزدك  ييكديت له )٨( بالدخان 
ودبهرهينر .
سال  ئهركى سووزكردن 9 خزمدتكردنى بخريته
سهوزاييه بآ
٧ . ئاماثه  بونووسراوى سركايدتى شاردوانى سليمانى ثماره )١٧١٤٤ له ٢٥ ٧ ٢٠١٣ كوئاراستوى بهريودبدرايتى
ودبدرىينانى سليمانى بازماره )٤١١٥
مى بوريوربورايوتى
ودبهرهينانى سليمانى كردووه  مهروهما
ريثدى ئاماثه بو كراو
ئا ماثه دراودتوه به
له ٨٨١٩ ٢٠١٣( سدباردت بريزدى تورخانكردنى جالاكى
بآ بازرانى و كوشتيارى و ٤٥% بق نيشتهجيبوون (.
له كونوسى احال  به ريشدكانى )٢٠% بآ سدوزايى 9
٨. لوياش ئونجامدانى ريكاردكان و )مسح  كردنى توواوى زدوييدك  و مدلكرتندودى رووبوردكان   ددركووتوود كولوناو
زهوى يرآردكومان كاركديدكى ئارد مدي  بوناوى ) كاركدى ئاردى سدفين ( بورووبدرى )٣ دآنم . لبدرئدو  بونووسراومان
وهبهرهينان كراوه داواى فراوانكردنى رووبهرى
ثماره )١٣١٥٤ ٧ه ١٢ ١١ ٢٠١٣( كوئاراستوى بريودبورايدتى
يرآزدك مان كردووه بو ئامانجدى بخريته سىر رووبورى سووزايى يرآزدك .
ليزندى و٠برمينانى سر بياريزكاى سيمانى لريكووتى )٦٨١٩ ٢٠١٤( كوبووندومى خآى ئونجامداوه 9 تيايدا
به فارمانى ثماره
روزامندى داوه بتورخانكردنى شوينى كاركوى سدفين بآسدوزايى وكنووسى ناوبراويش
)١٣٧٤٥ ٥ ٢٣ ٦ ٢٠١٤( لدلايون بوريز ياريزكارى سليمانى يوسدندكراوه .
مرجدارى ودبورمينان به ثماره )١١١( ودررتووه ل4باريودبورايدتى
لهبروارى )١٩ ٦ ٢٠١٤( يرآزدكمان
وهبهرهينانى سليمانى .
سروكايدتى شاردوانى سليمانى بونووسراويان ثماره )١٤٤٤٤ 4١ ٩ ٧ ٢٠١٤( كه ئاراستوى بريودبورايوتى شاردوانى
روزئاواى كردووه بدمدبدستى ئونجامدانى كردارى ياكىرتن و جياكردندره بق زدوييدكانى ثماره )٤٨٥٦ ٥ ٥٦ ٦ و
تاون بهرووبهرى )٦٥,٥٠٣ م( لهياش
٧١٥٦ و ٥٧ و ٢٦٤ ١٤١٣ كورتى ٨ ئابلاخ  و ييكهينانى زدوى يروزهى
ج
مونى شاردوانى سليمانى بريارى لسورداوه  بازمار 
جياكرا  نووه 
ئ
يوككرتن
ئهنجا مدانى
١٦ ١٢ ٢٠١٤(٠
٢ ١ . ئهنجومدنى بالاى ودبدرمينان به برياريان ثماره )١٨٣ له ١٥ ٩ ٢٠١٤( ردزامدندى داو٥ بدتومليككردنى زدوييدك 
ودبهرمينور ) ميوا محمد رؤوف على (.
ئاماثه بكونووسى كبووندومى ليزندى ردبورىينانى سور بياريزكاى سليمانى لريكدوتى )٢٨ ١٢ ٢٠١٤(، تيايدا
4
رووبورى )٢٠ز( كتورخانكرابوو بآ سووزايى بخريته سار جالاكيي  بازركانى 9 كاشتيارى
داواكراوه
سار
بخريته
نيشتهجييهكه و رووبهرى )١٢٠٠٠ ٢ زدوى ديكه كددكاويته بهردءم يروثمى داون
باريزكارى
كونووساش
داموزراوهى ديكه زيال   نوكات 
بينا  و
9
بمدرجيك  بسووزايى  بىينيتور 
وهبهرهينان كراوه بهنووسراويان ثماره )٢٦٥٧٦ ٧ه
سليمانييدوه يوسدندكراود 9 ئاراستهى بوريودبورايدتى
٢١ ١٢ ١٤
يككرتنوومى مولكوكان 9 ريكخستنومى شدقاماكان سدروكاياتى شاردوانى سليمانى
٤ ١ . لهياش جياكردنهوه 9
٢٦ ٣ ٢٠١٥( بهمدباستى
٤٠ ه
نووسراويان ئاراستهى ردزاردتى شاردوانى و ئوشتوكوزار كردوو  بوزمار 
Page 2 of 4
HIa Rauf
Invesmert A Development
Building ٦, Baharan, Malik Mahmgg oad/SulyشanGtAgst}IقواT:
.964 53 318 9190
جكه
ئهق
ئاستوى
١0)
ماودى
كشتى
و»لا)
كشتى
مامان
برا  هكه .
`،٣٥
كشتى
باليشت ,
مولدتى
كشتى
داون
١٢٢٥١
ئهنجو
كارى
لاسور
٣ ١ ٠
ئهق
برازدكه 
تاون
لهلايون
ئهم
كشتى
٩٨١",,6.6176,,,
,0.3942,Heuristic color/shape placeholder; validate manually or replace with trained detector.,,184-25_1_2_310126_2515629105-1,,easyocr,,,,3769.58,,,,10,clean,"HIwa Rauf
Investmenit & Development
م
يوسدندكردنى كونووسى ماويىج كوتيايدا لدخالى )٢(ى كنووسكه ييشنيار كراوه بوفراوانكردنى زدوى
٩٣٤ ٢٠ ٠
بهرووبارى )
ئهنجومونى بالاى و٥بهرهينان به برياريان ثماره )٢٤٦ له ٢٠١٥١٥١٢٨( رهزامهندى داوه بهفراوانكردنى زهوى
0
كه كوى كشتى ددبيت بكاته )٧٤,٨٤٠ ٢(٠
بهرروبارى )٩٣٤٠ ( بآسدر رووبارى
٦٨١١ ٢٠١٥( برياردكوى ئهنجومدنى بالاى
كشتوكوزار بونووسراويان ثماره )٨٣٤٣ ١ه

وهزاردتى   شارهوانى
م
و٥بورىينانيان ئاراستوى سدركايدتى شاردوانى سليمانى كردووه بمدبدستى جيباجيكردنى ناودرآككمى  بلا
رايآرته ناردرآكى بريارى ناوبراو جيبهجين كراوه .
تاودكو بروارى
٧
١٩ ه ٢٨ ٦ ٣٠١٥( ئا ماثديان
بريودبرايتى نىخشودانانى ئارددانى باريزكاى سليمانى بونووسراويان ثمارد )٨
به جيبهجئ كردنى بريارى ثماره )٢٤٦ ٧ه ٢٠١٥١٥١٢٨(٠
نوبوونيان سوبا
داوه به
سروكاياتى   شاردوانى سليمانى
برياردش   دهكوريتووه  بآ
كرآكى   جيبوجينىكردنى   ناودرآكى
^
كورتى
&
بريارهوه  سستاوه بتومليك كردنى موردور ياره زدوى ثماره )٣٦٤ ٤٢٨
بهييجدواندى
تاسلوجه برووبارى )١٥٦٢٠ ٢ بردكازى
و لاسور شدقامى سدردكى سليمانى
كوددكوويته   بهرددم
رودو باريزكاى
ئابلاخ  كددكوويت  تونيشتى
^
)باخجه . شرودها مولكى ثماره )٢٦٤ ١٤٢٩ كورتى
جةرد زدوييدك نومايدود كوبرياردكوى ئونجومدنى
سليمانى بورووبورى )١٣,٩٣٥ ٢( بردكوزى ) باخج  . بىمىش
جيبهجيبكريت   لهكا تيكدا   ددبور لهياش
بالآى وهبهرهينان 9 بريارى وهزيرى شاردوانى و كاشتووزارى
يوككرتنى
9
راستكردنووه
جيبهجيكردنى بريارى ئانجومنى بالاى ودبورمينان ماستايه بىئونجامدانى
باجهكان وخانووبهرهى ميرى به نوسراويان ثماره )٤٥٦٣
دوو باخجديه ئىمه جىه لهومى بريودبورايدتى
سورآكا يىتى
بو سر
ردزامدنديان  داوه بتوماركردنى زدوى ثماره )٥٧ كارتى ٨ ئابلاخ
(٧ ١٢ ٢٠١٤
شاردوانى سليمانى بىمدبوستى تورخانكردنى بآ ددستوى ودبرىينان !.
رووبىره ليشنويكى اوباش يىكهينرا لىنيوان   بهريودبورايدتى
٩ ١ . بمدبوستى  جاردسوركردنى كيشى
ه
ودبهرهينان و سدركايدتى شاردوانى سليمانى 9 بريودبدرايدتى تومارى خانووبدردى سليمانى . ليثندى ناوبراو
كنوسى يشكنينى ماوباش له بهروارى )٢٠٢٣١٥٨١٠( ييشنياريان كردووه باليشت بهموردوو بريارى ثماره )١٨٣
بكريت به )٧٤,٨٤٠ ٢٠(٠
ئونجومدنى بالاى ودبدرمينان كآى رووبورى يرآزدى داون
9
ئهنجومدنى شاردوانى سليمانى به برياريان ثماره )٤٦ له ٢٩ ١١ ٢٠٢٣( يدسدندى ناودركى كونوسى ليثنوى ئاماث 
٢
بوكرارى خالى )١٩( كردووه .
مدباست  : داراكارين لبورىزتان :-
بو
9
يوككرتن
بريارى ييويست بدريت لسدركايدتى شاردوانى سليمانى بدمدبدستى راستكردندوه ر ئونجامدانى
١٤٢٩ كمرتى ٨ ئابلاخ
9 ١٤٢٨
9 ١٤٢٧ 9 ١٤٢٦
ل
لومولكوكانى ثماره )٢٦٤ ١٤٢٥
جياكردنووه بآ مور
مهنى شاردوانى بوثماره )٤٦ ٥٧ ٢٩ ١١ ٢٠٢٣(٠
بمدباستى جيباجيكردنى بريارى
بريار بفورموون بيدسدندكردنى سايتى يلانى ييشكوشكراوى يرآزدكه.
Page 3 of 4
H١wa Rauf
Invt sIme٨i ، ٨evglopment
Building
Babaran Mali Lيlanraug Goa Sghymحيiah Kurdistan lraq, T: +964 53 318 919O
برآ  دكه
برو هكه
كشتى
يرآزدك 
، ٦ ١
ئهم
لارى
ردت
. ١٨
ئهق
ئهودى
ئهق
ئا بلاخ
يرا هكه
بروزكه
هيج
لوسار
كارى
ئهق
كشتى
ناوى
كشتى
ئام
٢٤٦(ى
تاون
_ ئهم
كارى
يهك
ئهنجو",,6.7748,,,
,0.357,Heuristic color/shape placeholder; validate manually or replace with trained detector.,,184-25_1_2_310126_2515629105-1,,easyocr,,,,3769.58,,,,11,clean,"Hiwa Rauf
Investment & Develoment



بريار بفرموون بريكييدانى كاتى بو دروستكردنى ئوفيسى فروشتن بىييى نىخشى ماويىج .
وه بهرهينانى
٤ . تورخانكردنى بىشى سدوزايى لدلاتدنيشت   بشى ييشدرمى يرردك  با بريودبدرايدتى
سليمانى بمدباستى جيبجيكردنى سدوزايى باخجاكان بييى رينمايى بريودبورايدتى باخجوكانى سليمانى .
اوى تيدايه لهسدرجام روودكاندو  بآ ددستىيكردن
ئاما
بآ زانيارى باريزتان لئيستادا كاميانياك مان
كوماز .
بكاركردن ل4يرازدك  لوياش جيبوجيكردنى بركهى ) ١(ى داواكارييه 
لك   ريزدا .
هاوبيج :
سليماني
نىخشدى شوينى ئوفيسى يرآزدى داون تاون
بريارى ئهنجومهنى شارهوانى سليمانى ثماره )٤٦ له ٢٠٢٣٨١١٧٢٩(
وهبهرهينان ,
كونوسى يشكنينى ماوباشى ليزنوكانى بهريودبورايوتى
ه ١ ١٠ ٢٣
ودبهرهينان ثماره
نوسراوى بريودبورايوتى
(٢٠٢٣١٥٨١
سوروكايدتى شاردوانى سليمانى  برتودبدرايدتى تومارى خانوباردى /١ له بوروارى )
١ه ٢٠٢٢٨١٧٢١،
نوسراومان ثماره )٢٣١١٢
باجهكان 9 خانووبهرهى ميرى ثماره )٤٥٦٣ ١ه ٧ ٢٠١٤٨١٢(
نوسرارى بهريودبورايتى
بلكونامدى يارج  زدريدكان له بروارىكانى )٧ ٥ ٢٠١٥١٩١٨(
نوسراوى بوريردبورايدتى نىخشددانانى ئاوددانى ياريزكاى سليمانى ثماره )١٩٠٨ له ٢٨ ٦ ٢٠١٥(
نوسراوى وهزاردتى شاردوانى وكوشت ركوزار ثماره )٨٣٤٣ ١ه ٦٨١١ ٢٠١٥(
بريارى ئهنجومهنى بالاى ودبهرمينان ثماره )٢٤٦ له ٢٨ ٥ ٢٠١٥(
(٢٦ ٣ ١٥ ٢٠
نوسراوى سدرآكايدتى شاردوانى سليمانى ثماره )٤٠٩٨ ه
نوسراوى باريزكاى سليمانى ثماره )٢٦٥٧٦ ١ه ٣١ ٢٠١٤٨١٢( وكونوسى ها رييجى
بريارى ئهنجومانى بالآى ودبهرىينان ثماره )١٨٢ له ٩٨١٥ ٢٠١٤(
بريارى ئهنجومدنى شاردوانى ثماره )١٢٢٥ ه ١٢٨١٦ ٢٠١٤(
نووسراوى سدرآكايدتى شاردوانى سليمانى ثماره )١٤٤٤٤ ١ه ٧١٩ ٢٠١٤(٠
كونوسى كوبوندودى ليزندى و٥بدرمينانى سهر به باريزكاى سليمانى له )٦٨١٩ ٢٠١٤(
مآلدتى ردبدرهينان ثماره )١١١له ٦٨١٩ ٢٠١٤(
فورمانى باريزكاى سليمانى ثماره )١٣٧٤٥ له ٢٣ ٦ ٢٠١٤( وكونوسى هاوييجى
نووسراومان ثماره )١٣١٥٤ ه ٢٠١٣٨١٨١٢(
سليمانى ثماره )٤١١٥ ه ٢٠١٣١٨٨١٩(
وهبهرهينان
نوسرارى بهريودبورايدتى
نوسراوى سدروكايدتى شاردوانى سليمانى ثمار  )١٧١٤٤ له ٢٥ ٧ ٢٠١٣(
فورمانى سدركايدتى ئونجومدنى ودزيران ثمار  )٤٦٤٨ له ١٩ ٢٠١٣١٥(
ه )٣ ٢ ٢٠١٢(
راحالة (ى
مهنى وهزيران ثماره )١٤٣٨٧ ه ٢٦ ١٢ ٢٠١١(
فورمانى سروكايدتى
بانكوراز بق يرآزمى و٥برهينان
روثنامهى كوردستانى نوى ثماره )٥٦٢١ ه ٢٠١٧٨١١٨١(
روثنا مهى هاولاتى ثماره )٧٧٩ له ٠٢ ١١ ٢٠١١(
نووسرارى ئهنجومهنى ودزيران ثماره )٧٨٧٦ ه ٢٥ ٧ ٢٠١١(
بهريوهبهرى ريبيدراو
ريبا ز هيوا
وينهيهك با
١٣ ٨ ٢٠٢٥
فايلى
Hiwa Rauf
InveStment & Devuloرmenl
ميوا نثو بؤ ومب رهينان / لللوردار
Page 4 of 4
Baharan, Malik Mahmud Roac, Sulaymaniyah, Kurdistan lraq, T: +964 53 31R 91So
Building ٦ ,
كشتى
تهرا
ادويى
كشتى
٦٨٦٥١
9 (٢٠
كشتى
كشتى
كشتى
كنورسى
يروزهك 
ئهنجو
برآثه",,5.163,,,
,0.4093,Heuristic color/shape placeholder; validate manually or replace with trained detector.,,184-25_1_2_310126_2515629105-1,,easyocr,,,,3769.58,,,,12,clean,"Hiwa Rauf
Investmenit & Development
بهروار : ١٥ ٧ ٢٠٢٥
ثماره : ١٢٥ ٢٥
سليمانى
ودبهرهينان
بآ : بهريوبورايدتى
بابات : ردزاموندى
كه
بهريزتان ئاكادارن كومبانياى ) هيوا رؤوف يروثمى داون تاون - سليمانى جيبهجئ دهكات
باسايت يلانى بيشكهشكراوى
٧ه ١٩ ٦ ٢٠١٤(،
به ثماره
خاودنى مآلدتى
٢٢ ٦ ٢٠٢٥( داواكارين لهبهريزتان رهزاموندى بفهموون
به نوسراومان ثماره )١٠٨ ٢٥ له
باييدانى ريكييدانى كاتى بئامانجى دروستكردنى ئوفيسى تايبات به )فروشتن  بشيودياكى كاتى
ماوديه لادد بريت .
و ياش
سى سالا له شوينى سهوزاى
لوناو يرآjدى ناوبراو با
لكول ريزدا .
ها وييج
١ه ٦٨١٩ ٢٠١٤(
مآلدتى ودبورمينان ثماره
سليمانى
نخشدى ئوفيسى فروشتنى يروزدى داون تاون
وينديدك بق
فايلى
بهريودبورى ريبيدراو
Hiwa Rauf
[
 Daavulopmeni
Inuestne 
ريباز هيوا
١٥ ٧ ٢٥ ٢٠
هيوا زؤوفبو و0ب0رهينال / سنورداز
Bullding
Baharan Malik Mahmud Roac , Sulaymaniyah Kurclistan-lrac T; +964 53 318 9190
كشتى
بالjشت
ود بارهينانه
١١١١
يرا  كه
يرا هكه
ماودى
ئهق
١١١١
برآثه",,1.9387,True,False,
,0.4312,Heuristic color/shape placeholder; validate manually or replace with trained detector.,,184-25_1_2_310126_2515629105,,easyocr,,,,3769.58,,,,1,clean,"Hiwa Rauf
Investment & Development
بروار : ١٤ ١٠ ٢٠٢٥
ثماره : ١٨٤ ٢٥
سليمانى
با: بريودبدرايدتى كشتى ودبورىينان
سليمانى
بابهت : سايت يلانى يرآزدى داون تاون
بهنووسراومان ثماره )٢٥٨١٠٨ له ٢٢ ٦ ٢٠٢٥( تايبوت بييشكوشكردنى سايت يلانى
ئا ماثه
سليمانى كوئاراستهى بوريزتان كراوه و بهنووسراوتان ثماره )٤٣٦٥ له ٣ ٧ ٢٠٢٥(

بروثهى داون تاون
ئاراستهى سوركايدتى شاردوانى سليمانيتان كردوو  بمدبدستى يوسندكردنى .
شاردوانى سليمانى ثماره )٤٦ له ٢٩ ١١ ٢٠٢٣( كه تايبوت به جاردسدر
باليشت بهبريارى
بق )٧٤٧٨٠ م( 9
بريار دراوه بهراستكردندودى رووبورى
داون
كردنى كيشهى بروزهى
ناو
مورودها يدسدندكردنى ديراسدى ترافيك ستودى
هاوكارى سدركاياتى شاردوانى
امنكى
بيدسدندكردنى ترافيك ستودى ناوجدك 
سهبا
به
٢٥٨١ ه ٢ ٢٠٢٥١١( ييشكش
سليمانى بدقوناغى كوتايى ئيشتوو  9 بونووسراومان ثمار 
بهمدبدستى يدسدندكردنى .
سورآكا يدتى شاردوانى
بيشكهش
سهرجوم بيداويستييه ياسا
بوراستكردندودى رووبارى يرآثدى داون
سهبا
به سركايدتى شاردوانى سليمانى كردووه باليشت برايورتى ماوييجى نووسراومان ثماره )١٤٣ ٢٥
١ه ١٣ ٨ ٢٠٢٥(
يلانى   رآزدكامان
سايت
مان2يك  تيبوريووه  بهسمر  يشكشكردنى
لهبهرئوودى
رينماييدكان بق مبوستى ئاماز  بكراو   داواكارين لبوريزتان ردزامدندى
9
جيبهجيكردنى   مهرج
;
بفورموون بوئاراستوكردنى نووسراوى جوختكردندوه بآ سركايدتى شاردوانى سليمانى بمبدستى :
يوسدندكردنى سايت يلانى يرآثدى ناوبراو بهزووترين كات .
ب. راستكردندودى رووبورى يرآزدى داون تاون بق )٧٤,٧٨٠ م٢( اليشت بموردوو بريارى ئونجومونى
بالاى ودبدرهينان و ئونجومدنى شاردوانى سليمانى .
بق بورجاوروونى زياترى بوريزتان كوميانياكدمان بدويدرى تواناوه ئاماددي  بآ ددست بوكار بوون
٢٥٨١ ٥ ٢٧ ٨ ٢٠٢٥( ٥ )١٤٣ ٢٥
جدندين جار نوسراومان بوزمار 
بنما يه
لهسور
{
راثهيهدا (
٢٥٨١ ١ه ١٥ ٧ ٢٠٢٥( كه ئاراستهى بوريزتان و سدركا يدتى شاردوانى سليمانى
١ه ١٤ ٨ ٢٠٢٥( 9
Page 1 of 2
Building 1
Baharan, Mallk Mahmud Foad Sulaymanyah  Kurdistan lraq, T: +964 53 318 9190
ئهنجو
مونى
يرآثدكه
تاون
جهكه
بهم ما
ر٥ت
٧٩١
كراوه
نمان
يياكا
تاون
رهت
جهند
ماوهى
لهم
٤٩١
ئهم
٢٥١",,3.9257,,,
,0.4723,Heuristic color/shape placeholder; validate manually or replace with trained detector.,,184-25_1_2_310126_2515629105,,easyocr,,,,3769.58,,,,2,clean,"Hiwa Rauf
Investment & Development
كردووه بمبستى خيراتركردنى يروسى يوسدندكردنى سايت يلانكه و داستبوكاربوون ل4يروزكدا
بهزووترين كات .
لكaل
هاوييج
نووسراومان ثماره )٢٥٨١٠٨ ه ٢٢ ٦ ٢٠٢٥(
ه ٢٠٢٥١٧١٣(
نووسراوتان ثماره
ه ٢٩ ١١ ٢٠٢٣(
بريارى ئهنجومدنى شاردوانى سليمانى بوزمار 
نووسراومان ثماره )٥٢٥٨١٧٩ ٢ ٢٠٢٥٨١٠(
بريارى ئهنجومهى بالاى وهبهرهينان ثماره )٢٤٦ ه ٢٨ ٥ ٢٠١٥(
ه ١٥ ٧ ٢٠٢٥
ه ١٤ ٨ ٢٠٢٥(
ه ٢٧ ٢٠٢٥١٨(
نوسراوهكا نمان ثماره
وينديىك با
فايلى يرآثه
بهريو بهرى ريبيدراو
ريباز هيوا
Hiw4
&
.٦
هيوا ;
لللنوردار
Page 2 of 2
Building
Baharan, Malik Mahmud Road, Sulaymaniyah, Kurdislan lraq T: +964 53 318 9190
ريزدا .
٤٣٦٥)
٤٦١
٢٥١١٢٥١ 9
٢٥١١٤٣١ 9
٢٥١١٤٩١
Rauf
Deutlopment
Invesiment
؟١ /٠'
ن6و0لؤ
 009رهينان /",,1.867,True,True,
,0.4661,Heuristic color/shape placeholder; validate manually or replace with trained detector.,,184-25_1_2_310126_2515629105-1,,easyocr,,,,3769.58,,,,1,binarized,"Hiwa Rauf
Investment & Development
9
8
بهروار : ٢٢ ٦ ٢٠٢٥
ثماره : ٢٥١١٠٨
سليمانى
وهبهرهينان
بو: بهريودبدرايدتى
سليمانى
بابات : سايت يلانى يرآثمى داون تاون
سليمانى (
ماوييج لكول نوسراوماندا  وينديك ل  سايت يلانى نويى يرآثمى )داون تاون
رووبهرى )٧٤٨٤٠م٢( ديزاين كراوه ياليشت بهبريارى ئهنجومونى
ئاراستوى بريزتان دىكوين ك4
بالأى ودبهرهينان ثماره )٢٤٦ له ٢٨ ٠٥ ٢٠١٥ ، تكايه بفهرموون به راو سهرنجى بوريزتان,
ل ك ل 
هاوييج
(٢
ن+
سايت يلاذى نودى يرؤثهى داون تاون - سليمانى له بهروارى )٢٢ ٦ ٢٥
ئهنجومدنى بالاى و٥بدرهيذان ثماره )٢٤٦ ه ٢٨ ٢٠١٥١٠٥(
وينهيهك بق
فايلى يروثه
ب ريودبارى بيبيدراو
ريباز هيوا
٦٧ ٥ :٥f
In 0!{;119[4 /332 01;1111ر
٢٢ ٦ ٢٠٢٥
هيوا زوجئءئؤ و0بارهينار  / سنوردار
Building 1 Baharan, Malik Mahmud Road, Sulaymaniyah, Kurdistan lraq, T: +964 53 318 9190
كشتى
لهسار
ريزدا . ٠٠٠٠
بريارى",,1.9302,,,
,0.4317,Heuristic color/shape placeholder; validate manually or replace with trained detector.,,184-25_1_2_310126_2515629105-1,,easyocr,,,,3708.08,,Directorate General Of Investment Sulaimany,,2,binarized,"دستان - العراق
ههريمى كوردستان - ئيراق
&
الوزرا
ئه نجومه نى وهزيران
هيئة الاستثمار
`01.{7[}!!41
ددستهى ودبارمينان
الديرية العامة للاستذمارفي السليمانية
وهبه رهينان / سليمانى
بهريوبه رامدتى أ
التقييم ووالاجازات
مديرية
مولدتدان
بهريو بهرايدتى باريكرىن رم4لس4ز
الترويجوالتقييم
خو لمسل
بهريكردن و
10:
٥ ٤٢٦
ثماره {
DATE:
٢٧٢٥/

لهرامبارع
ن
ثروارا / /
و ك رببنبناي#
`
ن
يوشترو
?٥
 ٧٦
شارهوانى سليمانى
بوراكآر
با
بابهت  يروزهى داون تاون
ودبهرهينور  كامبانياى
يلان يروثهى ناوبراو ددنيرين بآتان كه
هاوييج له2ل نوسراوماندا
به
ياشان هسهندكردنى
9
بفهرموون بو جيككردنهوه
هيوان رووف | به نيازه جيبهجي  بكات
هماه ن2ى له2ل ليثنهى ييكهينراو تايبهت به يروزمكانى وهبهرهينان 9 رهجاو
تايبهت به سايلوى سليمانى .
TOR
هه لبثتردراوه )
نه
تايبات به يرآزدكهى
لهكaل
لال
_ /بهودكالهت
به ريوبهرى
فتلديدك بقز
/ لهكل رنزدا
نووسينكهى بهريز بهريوبهرى
و مولدتدان / بو ئائاداريتان / لهئ ل رىزدا
بهرنوبه رايهتى بهريكردن و ههلسه
بهشى بهريكردن وه4لسه
ودبه رهينور
٧٧٢ ٢٠٢٥
خولا9
Directorate General Of Investment Sulaimany
سليمانى

وهبهرهينان
بهريوبهرايهتى
كور
اقليم
مجلس
كشتى
نكاندن و
 التروبجو
نكانان
والبد دهسيسز
Sتما
ايه تى
سايت
كنوسى
كردنى
سةل
ربزدا ..
فائق
ئامانج
كشتى
كشتى
نكاندن
نكاندن,
كشتى ",,2.498,,,
,0.1569,Heuristic color/shape placeholder; validate manually or replace with trained detector.,,184-25_1_2_310126_2515629105-1,,easyocr,,,,3708.08,,,,3,binarized,"فكومد ئر هدرذعر كوردستان - عتراق
لعط رؤكايه تى ئدفجومدنى gدزبرائ
ومؤارهتى ماره واثي وكهشت وكوذار
كؤيونه ودى ذماره : ٤٦
دروكايه تى شاردوانى سلتعانى
إئكدوث ; ٨٢٩ ١١ / ٢٠٢٣
70!؟171,
سلفمانى
فونجومدنر شاردوا
٢
)جارةسدإكودنر كجشك بدز زاي
فدنجوهدتى ضاردواني كؤبويته ودي لامايى خذئ أسأزدأ لء ريك وآى ز٢F٨1 nء٨٤ ياض دووى بثددئ باسايي قؤاج بؤوه فاهاد بؤونى بهإير
واو وعفأن زماوه )٦٨٦٥ ٠٧ ٨٠٢٠٢٣٨١ ٥
بء ليكإلنؤه ئ كانوتوكردن ناماؤه بلؤاترى بريو ب رايدئي
ئولدزي دأواكارى
جاراها وكودلر   كننكائر   جذبه جن
راب غالي  ثايبوت به
5
كنوراويان  وبدديءك لدكؤلومي بشكيني فاولامى
هدود وؤبوياردكأنى إ مارد ٢1٦٠١٨٢ افدنجومهلى بالاع ودبهرهطان لدكءل دكءل كزنوسسى ب0رواوى ) ٣i٥٨١٠+٣٠ { شاردوالى هاؤبهج.
أء ببى :ذوفقر دنه ود ماسدزيادن آه }٤٠٣٦٨١٦٨١٥ ٢
 يدؤزهكه ينث ئ ١٧٠١٤٠١رمأفد عوق به بوج كردلمؤهى رريآيي بنشوتر
اءءيبى كؤلوسي ك نمي مآوث فدذبيت روولناق
باخجهيدى كملكبدودهم يروزوكءدايه ثاريت يهجؤردببت ككفدخندى كدشلى ليذنهكهدا هاثووه رالاجه يارجه
باءدسا ريبدر د
باخج تدنيا جوؤه أوؤراؤا يؤ يرلازدي
بتؤبت !نجيسعة دواسدى نرافيكي لأوجه و بيزايسى غارني يبد وكيى يؤ
تدفامى سدردك بيظ ؤء لدم برديدي ) خدجل ئ محبا
كرث ٠د جذنه دذرهودش قيذماي بيمنان نيوه مدرج لبد
ديزاينى سأبت بإالم يروزدك
ندقاعر مهودتى نه عويدمينداؤى بعبرثتوق عدنا لواى دراسخ كيدنى نرافيكى ناوبء
نفجيهه رافي تطتوكو ؤ اتكؤلينهوا يسوذرجفى د٥تك يبداجطشا نعخهعساعمتللفلان نشكضتك لخطغفبهلضكث فحضداائي
يكقفف بفليت كقنى _ليلاكش
خذعك توفارع ئمخذاسكهى مظضدون فغسنايغغياتدذودرعنطن-خ بطت
لبدء_ مايدءان_ل فحاجم
ت روتي نه نجودن
ججكري ا_ دوكي نالجرنوبر
غسل خص
لاد كنتر / لبلى ,
لجقف
ار
باونزكار
يميلم
سو محمد
هجهل جابل
رط قدام
ا عفل
نخرالدين
عالي
ببالار حطم
تدا لدا
ييكعس حعن بإوا
شاناز ضامر بندات
جفأل إخول
ند ترآ
نه ئذام
تذئدام
مدئ
بارتان
زلي
كعغ طيقه
ديار غريب
جوان خاصل
ط ثا لهعى
= حازرو دبراي ;
ذه   فاعتةات
بتا ون=+
٠١ ٧وف٣ى ٤٦ ، ٨٧ ٤٩ ١ار ٩= (
جه لرذ ق جأبي ,
بانى
٧ ؟ ٨٢
انى
نارن
داون
سس
_ ئخس
كردتى
بلؤزو كه
_يخشاج
كنت
فج
آ~ ا<زوؤل
ديابئ
ي توذ
ابدات
ل4 سءج
لسةر
ك 9
تذمي
لاكأدى
دنادق
تؤيق
اصبر
صباح
آلدين
تدلداءف
-4لذام {
ثالاج
اذ ذار;
مسنور 1
افيئ
جلد٢ؤ
= ججا
كا م ارنح",,5.4417,,,
,0.3033,Heuristic color/shape placeholder; validate manually or replace with trained detector.,,184-25_1_2_310126_2515629105-1,,easyocr,,,,3708.08,,,,4,binarized,"Hiwa Rauf
Iusimanl 8 Damhanm
9
9
بىردارا ٢ ١٠ ٢٠٢٥
زمار ; ٢٥١١٧٦
بز: سرزكاياتى شاردوانى سليمانى
بابدت : ىسوند كردنى ديراسدى تراليك ستددى   c Stuنffشآ
Traffic Study) ماوينح لمكمل نوسرارماندا رينديدك له تويزيندره د ديراسي تراليكى
شتاماكانى لمرروبارى برندمي داون تاون - سليمانى ر ديزاينى شابنى بيشمدركه كه للايان
نوسينكهي راويزكارى تايبهت به ترانيك )MIC٠HU8(ى نيتال د به ماوكارى ر ناكادارى بىرنزتان
ناماده كراره ناراستى بىريزتان ددكاين بمدبىستى بسىند كردنى د به بىرىزتان راىمكيىنىن
تيبينى ر داراكاريهكانتان له بريادى كزبرونىرمى ئىنجومىنى شارددانى زمارم )٤٦ ٧ه ٢٠٢٣٨١١٨٢٩(
له ديراسدى نامارد بزكراد روجار كرارن 
لىكىل
ماربنآ ;
Downtown Slemani Traffic Impact Study له )٢٠٦٥١٩٦٢{
٢٠
٢٥Jه )٩٨٧ Downtown Slemanl Wide Scale Assessment
بريارى كزبورنىروى نانجومدنى شاردرانى زمارم )٤٦ له ٢٠٢٢٨١١٨٢٩(
رننميمك ب
لايلى
برنووبعرى رنبندراو
Rauf
رنبان ميوا
.٩
مروا راوع بؤ وديدرمبان / سلوردار
1'/_
٣
Pدdng ١, Euuan Maki hoaud Foad Susnw)an Kosق #aq 7; ,99 318 53 4هIgo
ثارارانى
م4لذىابدتى
9^7(.
رنزدا , .٠٠م
برزده
Hiwa ",,2.39,,,
,0.3852,Heuristic color/shape placeholder; validate manually or replace with trained detector.,,184-25_1_2_310126_2515629105-1,,easyocr,,,,3647.58,,,,5,binarized,"Kurdistan Region
شاريمى كوردستان
Council of Ministers
سءروكايه تى ئه نجومءنى وهزيران
Supreme Council for Investment
ئه نجومء نى بالاى وهبه رهينان
،٦ ٥
1 ٧٠5
٦؟
زمسارد :
د0-٤ ;
Dare;
2@ / 5/2015
٢ ،١٦
جدا٠,
/ ٥ ٦ ٢٧ ى كوردى
رلوندان
٧
ريكهوت :
٤٤رد٠ ٥١١١ /٥ا٠<
- بريا
9
بالبشت به بركهى ) سيهم( له ماددهى )١٤( له ياساى وهبهرهينان ثماده )٤( ى سالى )٢٠٠٦(
نه
بركدى )٢٧( له كونووسى كبوون ومى بيست 9 سييدمى نهنجوومدنى بالاى و٠بهرهىنان
)٢٠١٥٨٥١٤( و ئامازه به نووسراوى سهروكايدتى شارهوانى سليمانى ثماره )١٤٤ ١ه ٢٠١٥٨١٨٥( كه
تايبهته به يرومى ودبدرهينانى كشتيارى و بازدهانى و نيشتاجن له شوينى سايلوى كونى
بريارى ئهنجوومهنى بالآى وهبدرهينان ثماده )٥١٨٣ ٨١٥ ٩ ٢٠١٤(
بهيى ى
كه
سليمانى
سليمانى به رووبورى )٦٥٥٠٠م٢( به ناوى
رهزاموندى دراوه لسور تهمليك كردنى سايلوى
9
وهبه رهينور ) هيوا محمد رهئوف بهلآم له دواى جياكردنهوهو يهك كرتنهوهى  مولككان
ريكخستنهوهى شهقاماكان 9 خذمدت كوذارى ناوجهكه دهركهوتووه يارجه زهويهك له ييش
رووبهرى زهوى شوينى سايلو به رووبهرى )٩٣٤٠م٢( زيادى كردووه بآيه داواكراوه كه بخريته
رووبهره زيادكراوهيه بخريته سهر شهقام 9 سهوزاين
سهر سنوورى يرآزاكه بهمدرجيك
خزمات كوزاريهكانى ناو يروزاكه . بريار درابه
زيادكردنى ئهو رووبهره زيادايه به برى )٢٥٩٣٤٠( ب سدر زهوى
يهكم ردزا مهندى  دان
تهرخانكراو ب يروزىك  به مارجيك بآ سهوزايى بهكاربيت
برباره جيبهجن بكهن
دوو0م : لهسهر لايانه يهيوهنديدار كانه له روثى دهرجوونييه وه
نيجيرقان بارذانى
سهرآكى ئهنجوومانى بالآى و٥بورهينان
انب
كآنى
ئهم
له سةر
ئهم",,3.4046,,,
,0.2993,Heuristic color/shape placeholder; validate manually or replace with trained detector.,,184-25_1_2_310126_2515629105-1,,easyocr,,,,3769.58,,,,6,binarized,"Hiwa IRauf
teslnunl $ Dexuleprntl
 دتال ل
بروار : ٢٧ ٢٠٢٥١٨
١٠،٥
ثمارد : ٢٠١١٤٩
بؤ : سدروكايدتى شاردرانى سليمانى
داون تاون
باب&ت :
له
سليبانى   ثماره ٥٧٩١١
ودبارمينان
ناماره   باتوسرارى   بىرنودبارابوتى
سليمانى داواكارين لبىرنزتان روزامندى بنورىوون
=
٢٠ ١٨ ٢٥ ٢٠( تايبهت به بروثهى داون تاون
به بهرزركردنوردى ئدم نروسراودمان بز ئهنجومدنى شاردوانى سليمانى بدمدبدستى يىدانى روزاماندى
جياكردنوودى   مرلككان 9 راستكردنهوه ر فروانكردنى
9
ياككرتن
ئنجامدانى   برآسى
بز )٦٠٧٤١٨٤٠( بهجنبه بيكردنى مهردور بريارى ثهنجومهنى بالأى ووبهرهينان
بروبرى
ثماره )٢٤٦ ه ٥١٢٨ ١٥ ٢٠( وبريارى نهنجوانى شاردوائى سليمانى ذماره )٤٦ ه ٢٣،١١٨٢٩
وهبهرهينانى سلينانى
مىرودما ياسىند كردئى سايت يلانى يىشكاشكرار ك بىريوديورايوتى
به نوسراويان ثماره )٤٣٦٥ له ٣ ٧ ٢٠٢٥، ئاراستوى بورنزتانى كردووه بارماردى ٥اتووتان )١-
بق ددستىتكردنمان بهكارى
١٩٦ ٠ ٢ ٧ه ٣ ٢٠٢٥١٧( تاودكو ردزامندى بذمرموون به رنك ييدانى
يىرفدردى كىميانيامان لىسترجدم روودكاتمر  اماددكارى كردوره 9 ثأمادهيه بز دوسن
نكردن له بيشى
لىكدل رئزدا ٠٠٠٠
مارينج
ووبارمينان = سليباثى زماره )٥٧٩١ ه ٢٠٢٥١٨١٢٠، ١ ٤٣٦٥١
مهردوو نوسرارى برنووبراياتن
،٢٠٢٥١٧،٣
بريارى ن تجومهنى شاردوانى سليمانى ذماره )٤٦ ه ١٢٦ ٢٢٠٢٣٨١
بربارى نىنجومنى باذى روبهرمينان إمارم )٦٤٦ له ٢٢٠١٥١٥،٢٨
وتنياك بز
بن رانيا ريتان لهك ل بنزدا
نب +
- سلبباذى
ددبرىينان '
بهريودبرايدتى
برنره
باريودبارئ
رذباز ميوا
Hiw4
Invulrher I
Rauf
+ Dev  ppmtri5
٧ ٠ ٥٨ ٢
٢٧ ٢٠٢٥١٨
هيوا رؤدم بؤ وذبدرغتنان |)
سلورذار
٧ ١٨١٢ ٥ ٢ ٠ ٢
٢٦aih ]٨;١١٠ ١٨٠٠١ ٦٠ ا٠آ١٨ ٦آفطذؤ٠ ل٠0ح١  ١ ٥ ٣ ب٠١جر
؛٦ ١٢٥٠٦ ٧غisl ٢؛h   ٧١١را ١١
ز;٤١9 31٧ إذي ٥٥٠١
8
بكاي!
8
سليمانى
برذ دئ
كشتى
كارى
برور كه
٢٠(٥
كشتى
كاتى
تنوردك
برور كدا.
كشتى
كشبتى
ناللئ
 ذد ٠اباز !",,4.1962,,,
,0.401,Heuristic color/shape placeholder; validate manually or replace with trained detector.,,184-25_1_2_310126_2515629105-1,,easyocr,,,,3769.58,,,,7,binarized,"Hiwa Rauf
Investment & Developmert
9
بهروار : ٢٠٢٥١٨٨١٣
ثماره : ٢٥٨١٤٣
سليمانى
با: بريودبدرايدتى كشتى ردبارىينان
بابهت : داواكارى
سليمانى كه
اا
ماوييج لكول نوسراوماندا وينديىك ل  رايورتمان سدباردت به يرآزدى داون تاون
١٩ ٦ ٢٠١٤  ئاراستهى بدريزتان د٥كين
له
خاودنى  مولدتى   دبدرىينان  بوزمار 
و يدسوندكردنى سايت يلان و ددستبوكاربوونمان ل4يرآثدى داون تاون
يوكلاكردندودى رووبارى
سليمانى .

داواكارين لوبوريزتان رىزاموندى بفورموون بيشتىيرى كردنمان و سىرودها ناردنى رايورتى ئامازد بوكراق
كرتنابهرى ريكارى ياسايى وكاركيرى
بآ سدروكايدتى شاردوانى سليمانى بوئا
لaكول ريزدا .
ماوييج :
رايورتى يروثمى داون تاون له )٢٠٢٥١٨٨١٣
وينهيهك بآ
بهريودبهرى ريبيدراو
Hiwa Rau
Inve»lmer & [72vب/}J٤'1?
ريبان هيوا
١٣ ٢٠٢٥١٨
هيوا زوجف بو و0ب رهينان / سنوردار
Building 1, Baharar , Malik Mahrnud Road Sulaymaniyah  Kurdistan-lraq, T: +964 53 318 919Q
بهثا
ا مانجى
١١١١
يرآزدكه
بيويست .
ا مانجى
فايلى
يرآزه",,2.4199,,,
,0.2902,Heuristic color/shape placeholder; validate manually or replace with trained detector.,,184-25_1_2_310126_2515629105-1,,easyocr,,,,3769.58,,,,8,binarized,"Hiwa Rauf
Investment & Develgpment
9
داون تاون - سليمانى
رايورتى يروثدى 
(٢٠٢٥١٨٨١٣»
9
برياراندى كىددرجووه لسدروكايدتى ر ئونجومون 9 بوريوبدرايدتى
لهم رايورتودا ئاماث  ددددين يه سورجام
 لسدردتاى ودرىرتنى زدوييدكاوه تاودكو بوروارى
سليمانى (
م,
فرمانكوكانى ميرى تايبوت بويروزدى ) داون تاون
نوسينى ئىم رايورت كه بييى زنجيرهى ميثووى شدر فهرمانيكء برياريك نووسراويك بهيان ددكين ; ئىماش بهئار
كبدييى دواين بريارى ئهنجومونى بالاى ودبدرىينان و ئونجومدنى شاردوانى
ياكلاكردندودى روويارى زدوى
سليمانى بريتيه له )٧٤٠٨٤٠ ٢  مورودما يوسدندكردنى سايت يلانى ئىم يروردي  كولدئيستادا  لسركاياتى
شاردوانى سليمانييه مرودما بآ ددستكردن بكاركردن ليروثدى ناوبراو لدنزيكترين كاتدا كه له خواردوه ئا ماثديان
بيدراوه ;-
٢٥ ٧٨٧ ٢٠١  كوئاراستدى ودزاردتوكانى
له
ا . ئامازد  بونووسراوى سدروكاياتى ئنجومدنى ردزيران ثمارد )٧٨٧٦
بهياساى
)بازركانى  9 ييشهسازى _ شاردوانى وكوشتوكوزار 9 دارايى 9 ئابوورى كراوه و داواكراوه
ودبرهينان ولوسور بندماى ) بانئوواز وكيبركى ( ) ترويج  بكان بآزووى ) سايلقى سليمانى ( بمدباستى دروستكردنى
, ٧
يرازدى ردبورهينا ر
كراره بوناوى ) يروزمى بازركانى
ودبهرمينانى سليمانىء بانكواز بق
٢ . لدلايون   بوريودبدرايدتى
ئشتيارى 9 نيشتوجى  برووبارى )٦٥٥٠٠ م٢ ، ئهم بانئووازدش لمدردوو رورنامدى كوردستانى نوى بوزمار 
له ٢ ١١ ٢٠١١( بلاوكراودتهوه .
)٢١ ٥٦ ه ١١٨١١٨١ ٢٠( سورودها روشنامدى ) ماولاتى بوزمار 
ودبدرهينانى سليمانى جالاكييدكانى بمجارد دياريكردووه :-
٣ . ناودروكى بانكووازدكدى بوريودبورايدتى
تاسلوجه بهرووبورى
سدردكى سليمانى
باشى ييشدومى زدوييدك  بريزدى )٢٠ز( كوددكدويته سور شدقا
أ.
و تومار بكريت بوناوى سدروكايدتى ئونجومانى
)٠ ١٣،١٠ ٢ تورخانبكريت بآ سدوزايى 9 بكارىينانى
وهزيران .
بريزدى )٣٥%( تورخانبكريت بق جالاكى ) بازركانى 9 كوشتيارى .
ب بهشى ناوراستى
ت. بشى يشتدردى زدوييدك  بريزمى )٤٥%( تورخانبكريت بظ جالاكى ) نيشت جيبورن (.
٢٦ ٢٠١١٨١٢  ليثنهيهكى   تايبهتموند   يكهينراوه
٤ . بهفرمانى  سور؟كى  ئدنجومدنى   ددزيران ثماره ١٤٣٨٧ ٥٥
بمدبدستى برياردان لسور سلبزاردنى ئوو ردبرىيندراندى كبشدارى ددكون لوبانكووازى
لريكووتى )١٣ ٠٢ ٢٠١٢( كونووسى )احال ى   يرآردكهى
9
٥, ليثنهى   ناوبراو كارهكانى   خوى   ئهنجامداو 
ياشان بالىشت بفرمانى سدروكايدتى ئونجومدنى ردزيران
بورزكردوودتدوه بآ سدروكاياتى ئونجومانى ودزيران
ثماره )٤٦٤٨ له ٢٠١٣١٥١١٩( يروزدكه سيارددى وهبورهينور ) هيوا محمد رؤوف على ( كراوهء
٦ له مدمان كنوسى )احالد(ى ئاماث  بوكراوى سردود جختكراودتدو  لسر ناردركى دابدشكردنى جالاكييدكانى
بهمجآره خواردوه )٢٠% بآ سدوزايى ٥ ٣٥% بآ بازركانى و كاشتيارى و ٤٥ بق نيشتهجيبوون . هارودها
Page 1 of 4
Hiwa Rauf
Inveslmenl & Devlopment
Building ٦, Baharan, MalilL رahmud !
|89agoSuقvجaج'e350'3ايn-laq, 7: +964 53 318 9190
ئهق
هار
آمانجى
يروز كه
باليشت
كشتى
يروز كه
٧٧٩١
كشتى
ا مى
كشتى
يرآزىكه
يروث كه ,
يرآزدك ",,6.5094,,,
,0.3558,Heuristic color/shape placeholder; validate manually or replace with trained detector.,,184-25_1_2_310126_2515629105-1,,easyocr,,,,3769.58,,,,9,binarized,"Hiwa Rauf
Investment & Development
ريزدى
داواكراوه كه
ئام 
لوخالى )٣(ى كنووسكدا هاتوو  كيروزدكه ييكديت له )٨( بالوخان 
سدوزاييه بو ماودى )١٥ سالا ئوركى سدوزكردن 9 خزمدتكردنى بخريته ئدستقى ودبورىينور .
٧. ئامازد بونووسراوى سدركايدتى شاردرانى سليمانى ثماره )١٧١٤٤ له ٢٥ ٢٠١٣١٧( كدئاراستهى بوريودبدرايدتى
ودبدرهينانى سليمانى بوزماره )٤١١٥
ودبدرهينانى سليمانى كردووه سهرومها ودلامى بوريودبدرايدتى
له ٢٠١٣١٨٨١٩( سهباردت بوريشدى تورخانكردنى جالاكى يروردك  ئامازد دراودتدو  به شدمان ريزدى ئامازه بوكراو
له كونوسى احاله به ريشدكانى )٢٠% بوسوزايى و ٣٥% بآ بازركانى ووشتيارى و ٤٥% بونيشتهجيبوون .
ريكاردكان ف )مسح كردنى توواوى زدرييدكه و مىلكرتندودى رووبوردكان دىركدوتوود كولدناو
٨. لهياش ئونجاد
زهوى يرآردكمان كاركديدكى ئارد شي بوناوى ) كارشدى ئاردى سدفين ( برووبورى )٣ دآنم . لبرئدو٥ بونووسراومان
وهبهرمينان كراوه داواى فراوانكردنى رووبهرى
ثماره )١٣١٥٤ له ٢٠١٣٨١١٨١٢ كوئاراستهى بريودبدرايدتى
يروزدكدمان كردووه بو ئامانجدى بخريته سور رووبورى سووزايى يرآردك .
ليزندى ودبورمينانى سر بوياريزكاى سليمانى لريكوتى )٦٨١٩ ٢٠١٤ كوبووندودى خةى ئونجامداود 9 تيايدا
ردزاموندى داوه بوتورخانكردنى شوينى كاركدى سدفين بوسدوزايى و كونووسى ناوبراويش ياليشت به فرمانى ثمار 
)١٣٧٤٥ ٥ ٢٣ ٦ ٢٠١٤( لدلايون بوريز ياريزكارى سليمانى يوسوئدكراوه .
١ . لوبوروارى )٦٨١٩ ٢٠١٤ يروردكدمان ملدتى مورجدارى ردبدرمينان به ثماره )١١١( ودركرتووه لهبوريودبدرايدتى
ودبورهينانى سليمانى .
١ , سروكايدتى شاردوانى سليمانى بونووسراويان ثماره )١٤٤٤٤ له ٧١٩ ٢٠١٤، كه ئاراستوى بريودبدرايدتى شاردوانى
.9
بهمدبدستى ئونجامدانى كردارى يوككرتن ر جياكردندره بآ زدرييدكانى ثمار  )٤١٥٦ ٥ ٦٨٥٦
روثئاواى
٧١٥٦ و ٥٧ و ٢٦٤ ١٤١٣ كمرتى ٨ ئابلاخ و ييكهينانى زهوى يروثهى داون تاون بهرووبهرى )٦٥,٥٠٣ ٢( لهياش
ا له
جياكردنوه   ئىنجومدنى شاردوانى سليمانى بريارى لىسورداو   بوزماره
9
ئونجامدانى كارى يوككرتن
١٢١١٦ ٢٠١٤(٠
ئهنجومدنى بالأى ودبدرهينان به برياريان ثماره )١٨٣ له ٢٠١٤١٩٨١٥( ردزامدندى داود بوتومليككردنى زدوييدك 
٢ ١
لهسور ودبدرىيندر ) هيوا محمد رؤوف على (.
٣ ١، ئاماثد بوكنووسى كبووندردى ليزندى ردبورىينانى سور بياريزكاى سليمانى لريكدوتى )٢٨ ١٢ ٢٠١٤(، تيايدا
9
وشتيارى
,9
بازركانى
رووبةرى ٢٠١ز( كتدرخانكرابوو ب سدوزايى بخريته سور
داواكراوه
نيشتهجييهكه و رووبهرى )١٢٠٠٠ ٢( زوى ديكه كمدهكاويته بهرددم يروثمى داون تاون بخريته سهر
كنووسدش لدلايان ياريزكارى
دامازراودى ديكه زيال  نوكات 
ف
بهمدرجيك بىسدوزايى بمينيتهوه 9 بينا
له
وهبهرهينان كراوه بهنووسراويان ثماره )٢٦٥٧٦
يوسدندكراوه 9 ئاراستهى بوريودبورايوتى
سللما
٣١ ٢ ٢٠١٤(٠
سدرآكايدتى شاردوانى سليمانى
٤ ١, لدياش جياكردندو  9 يىككرتندردى مولكاكان ر ريكخستندومى شدقا
٢٦ ٣ ٢٠١٥١( بهمدباستى
٤٠ ه
نووسراويان ئاراستوى ردزاردتى شاردوانى و كشتوكوزار كردوو  بوزماره
Page 2 of 4
Hiwa Hauf
١٨»١٨٢٤i؟ (٤٢
Develoumeni
Building ٦, Baharan, Malik Mahnigd Foar/SuM@IRIUG|95لS19يST: +964 53 318 9190
جكه
ئهق
لهودى
كشتى
كشتى
مدانى
كشتى
كشتى
كردووه
٢٢٥)
جالاكييه
ئهق
يرآز كه 
ئهم
كشتى
نييهوه
ا مةكان
٩٨١",,6.3976,,,
,0.3323,Heuristic color/shape placeholder; validate manually or replace with trained detector.,,184-25_1_2_310126_2515629105-1,,easyocr,,,,3769.58,,,,10,binarized,"Hliwa Rauf
Investmeni & Development
يوسدندكردنى كونووسى ماويىج كتيايدا لدخالى )٢(ى كنووسك  ييشنيار كراوه بوفراوانكردنى زدوى
بهرووبةرى )٩٣٤٠ م
ئونجومدنى بالآى ودبدرهينان به برياريان ثماره )٢٤٦ له ٢٠١٥١٥١٢٨( ردزامهندى داوه بهفراوانكردنى زهوى
٥ ١
كه كوى كشتى دهبيت بكاته )٧٤٠٨٤٠ ٠،٢٨
بهرووبهرى )٩٣٤٠ ٢ بآسور رووبارى
١١ ٦٨ ٢٠١٥( برياردكمى ئدنجومدنى بالاى
له
ردزاردتى شاردوانى و ئاشتوكوزار بونووسراويان ثماره )٨٣٤٣
٦ ١
ودبدرهينانيان ئاراستوى سوركايدتى شاردوانى سليمانى كردووه بدمدبدستى جيب جيكردنى ناردرك4كمى بولا
تاودكو بوروارى ئهم رايآرت  ناردروكى بريارى ناوبرا جيبهجينوكراو  .
بوريودبدرايدتى نىخشدانانى ئارددانى ياريزكاى سليمانى بونووسراويان ثمارد )١٩٠٨ له ٢٨ ٦ ٢٠١٥( ئاماثديان
نوبوونيان سدباردت به جيبهجى كردنى بريارى ثماره )٢٤٦ ه ٠٢٢٠١٥١٥١٢٨
به
سوروكاياتى   شاردرانى  سليمانى
برياردش   ددكاريتدوه بو
كرآكى   جيباجينوكردنى   ناودروكى
بييجدواندى ئوو برياردود  مدستاود بتومليك كردنى مىردوو يارجه زدوى ثماره )١٤٢٨٧٢٦٤ كارتى ٨ ئابلاخ
تاسلوجه بهرووبارى )١٥٦٢٠ ( ب4ردكدزى
ساردكى سليمانى
ق
كىددكوويت  بىرددم يروثدك 
رودو اريزهاى
)باخجه . شرودما مولكى ثماره )٢٦٤ ١٤٢٩ كدرتى ٨ ئابلاخ كددكدويته تنيشتى
سليمانى بورووبورى )١٣١٩٣٥ ٢( بهردشوزى ) باخج   بىمش هيج جآرد زدوييىك نومايرد كوبرياردك ى ئىنجومدنى
جيبهجيبكريت   لوكاتيكدا   ددبور لهياش
بالآى ودبهرهينان 9 بريارى وهزيرى شاردوانى و كشتوكوزارى
راستكردنةوه 9 ياككرتنى ئق
جيبهجيكردنى بريارى ئنجومدنى بالاى ودبورىينان مستايه بىئونجامدانى
باجاكان و خانووبارمى ميرى به نوسراويان ثماره )٤٥٦٣ له
بهريودبورايدتى
دوو باخجديه ئومه جكه
ردزامدنديان داو  بوتوماركردنى زدوى ثمارد )٥٧ كورتى ٨ ئاباخ بى سر ناوى سدركايدتى
(٧ ٢٠١٤٨٢
شاردوانى سليمانى بمدباستى تورخائكردنى بى ددستدى ودبدرىينان !.
ردوبور  ليزنيكى ماوبش ييكهينرا لدنيوان بهريودبدرايدتى
٩ / . بامدباستى  جاردساركردنى كيشدى
وهبدرمينان و سدركايدتى شاردوانى سليمانى و بريودبدرايدتى تومارى خانووبدردى سليمانى  ليزندى ناوبراق ل 
بهموردوو بريارى ثماره )١٨٣
كونوسى يشكنينى شاوباش له بهروارى )٢٠٢٣١٥٨١٠( ييشنياريآن كردووه
ئدنجومونى بالاى ودبدرهينان كاى رروبدرى يروزدى داون تاون بكريت به)٨٤٠ ٧٤ ٢(٠
9
٢( يدسدندى ناودروكى كونوسى ليزندى ئاماث 
+
٢, ئهنجومونى شاردوانى سليمانى به برياريان ثماره )٤٦ ٧ه ٢٩ ١ ١ ٢٣
بوكراوى خالى )١٩( كردووه .
بزئم مبوست : داواكارين لوبوريزتان :-
ف
بريارى ييويست بدريت لهسروكايدتى شاردوانى سليمانى بمدبدستى راستكردندوه 9 ئونجامدانى كارى يوكىرتن
ئابلاخ
^
١٤٢٨ 9 ١٤٢٩ كهرتى
١٤٢٦ ٥ ١٤٢٧ ٥
9
لومولكوكانى ثماره )٢٦٤ ١٤٢٥
جياكردنووه بو
بمدبدستى جيبوجيكردنى بريارى ئونجومدنى شاردوانى بثمار  )٤٦ ٥ ٢٩ ١١ ٢٠٢٣ ٠
بريار بفورموون بيدسدندكردنى سايتى يلانى ييشكوشكراوى
٢
Page 3 of 4
Hiwa Hauf
Inve stmeni & Devgloment
Building
Baharn Malijtiيlahreud QogL Sahymaiah Kurdistan lraq, T{ +964 53 318 9190
يروزدكه
.
يروز كه
8
كشتى
يروزدك 
٧ ١ ٠
لارى
داوه
.١٨
ئهق
ئهودى
شهقامى
لهسةر
برو  كه
لهسةر
كارى
كشتى
لهودى
كشتى
ئوم
باليشت
٢٤٦(ى
يهك
هور
يرآزدك .",,6.067,,,
,0.3101,Heuristic color/shape placeholder; validate manually or replace with trained detector.,,184-25_1_2_310126_2515629105-1,,easyocr,,,,3769.58,,,,11,binarized,"Hiwa Rauf
Investment & Development
٣
بريار بفورموون بريكوييدانى كاتى بو دروستكردنى ئوفيسى فروشتن بدييى نىخشمى ماويىج.
وهبهرهينان
٤ . تورخانكردنى بىشى سدوزايى لدلاتدنيشت 9 بشى ييشدودى يروراك  بق بريودبرايدتى
سليمانى بمدبدستى جيبوجيكردنى سدوزايى باخجدكان بدييى ريتمايى بريودبدرايدتى باخجاكانى سليمانى .
تيدايه لهسدرجام روودكاندو  بو ددستىيكردن
بق زانيارى بريزتان لئيستادا كوميانياكامان ئاما
بوكاركردن ليروثدك  لدياش جيبوجيكردنى بركهى )١(ى داواكاريي4ك مان.
؛٠ ٠٧ ٠؛ ،٧
لكول ريزدا .
سليمانى 
نهخشدى شوينى ئوفيسى يروزدى داون تاون
بريارى ئهنجومدنى شاردوانى سليمائى ثماره )٤٦ ل٥ ٢٩ ٢٠٢٣٨١١ ،
ودبهرهينان ,
وهبهرميتان ثماره )٦٨٦٥ له ٢٣٨١٠٨١ ٢٠( وكةنوسى يشكنينى هاوبهشى ليثنكانى بريودبورايوتى
ئوسراوى بريودبدرايدتى 
/١ له بهروارى )٢٠٢٣١٥١١٠(
سروكايدتى شاردوانى سليمانىء بوردودبدرايدتى تومارى خانوبردى '
نوسراومان ثماره )٢٣٨١٢ ٧ه ٢١ ٢٠٢٣٨١؛
ميرى ثماره )٤٥٦٣ ١ه ٧ ٢٠١٤٨١٢(
 باجدكان ف خانووبةردى ,
نوسرارى بهريودبورايدتتى
بلكدنامدى يارج  زدويدكان ل4 بورواردكانى )٧ ٥ ٢٢٠١٥١٩١٨
نوسراوى بريردبرايدتى نىخشدداناتى ئاوددانى ياريزكاى سليمانى ثمار  )٦٩٠٨ له ٢٨ ٦ ٢٠١٥(
٢٠١٥١٦٨١١؛
له
ئوسراوى ودزاردتى شاردوانى 9 كوشت وكوزار ثمارد )٨٣٤٣
بريارى ئهنجومدنى بالاى و٥بهرمينان ثماره )٢٤٦ ه ٢٠١٥١٥١٢٨،
نوسراوى سهروكايدتى شاردوانى سليمانى ثمارج ٤٠٩٨١ ه ٢٦ ٣ ٢٠١٥؛
نوسراوى باريزكاى سليمانى ثماره )٢٦٥٧٦ له ٣١ ٢٠١٤٨١٢( وكونوسى هاوييجى
١٤١٩٨١٥ ٢٢٠
له
بريارى ئهنجومدنى بالاى ردبدرىينان ةمار  ١٨٢١
بريارى ئونجومدنى شاردوانى ثماره )١٢٢٥ له ٢٨٦ ٢٠١٤«
نووسراوى سدروكايدتى شاردوانى سليمانى ثماره ١٤٤٤٤١ ١ه ٧١٩ ٢٠١٤ ٠
كوذوسى كوبوتدودى ليزندى ودبرمينانى سهر به باريزاى سليمانى له )٦٨١٩ ٢٠٦٤(
مولدتى ردبورمينان زماره )١١١١ه ٢٠١٤٨٦٨١٩«
فورمانى باريزهاى سليمانى ثماره )١٣٧٤٥ له ٢٣ ٦ ٢٠١٤( وكآنوسى شاوييجى
نووسراومان ثماره )١٣١٥٤ ه ٢٠١٣٨١١٨١٢،
وهبهرهينان - سليمانى ثماره )٤١١٥ نه ٢٠١٣١٨٨١٩؛
نوسراوى بورتودبدراياتى
نوسراوى ساروكايدتى شاردوانى سليمائى ثماره )١٧١٤٤ له ٢٥ ٧ ٢٠١٣«
فورمانى سدروكايدتى ئونجومدنى ردزيران زماره )٤٦٤٨ له ١٩ ٢٠٦٣١٥،
راحالهى يرآزدكه له )٢٠١٢٨٢٨١٣،
فورمانى سدروكايدتى ئدنجومدنى ودزيران ثماره )١٤٣٨٧ ١ه ٢٦ ٢٠٠١٦٨١٢؛
بانكوراز بخ يروردى ردبورمينان
دوزنامهى كوردستائى نوئ زماره )٥٦٢١ له ٢٠١١٨١١٨(
رؤزنا مهى هاولاتى ثماره )٧٧٩ ه ٢٠١١٨١١١٠٢،
بهريودبهرى ريبيدراو
نووسرارى ئهنجومانى ودزيران ثماره )٧٨٧٦ له ٢٥ ٢٠١١٨٧؛
ريباز هيوا
وينهيهك بآ
١٣ ٨ ٢٠٢٥
فايلى  روثه
Hiwa Rauf
Investmeni & Devulopmeni
هيوا رثوف بؤ و0برهينان / سنوردار
Page 4 of 4
Building ٦, Baharan, Malik Mahmud Boad, Sulaymaniyah, Kurdistan Iraq T: +964 53 31f 91S0
كشتى
تهوا9ى
اددي
 كشتى
كشتى
كشتى
كشتى
كونورسى",,6.2677,,,
,0.4104,Heuristic color/shape placeholder; validate manually or replace with trained detector.,,184-25_1_2_310126_2515629105-1,,easyocr,,,,3769.58,,,,12,binarized,"Hiwa Rauf
Investment & Development
بهروار: ١٥ ٢٠٢٥١٧
ثماره : ٢٥١١٢٥
سليمانى
ودبهرمينان
بآ: بريوبدرايدتى
بابوت : رىزاموندى
كه
بهريزتان ئائادارن كومبانياى ) هيوا رؤوف يرآزمى داون تاون - سليمانى   جيبهجئ  دهكات
خاودنى مآلدتى ردبدرىينانه به ثمارد )١١١ له ٦٨١٩ ٢٠١٤ ، باليشت بوسايت يلانى  يشكهشكراوى
٢٢ ٦ ٢٠٢٥( داواكارين لدبوريزتان ردزامدندى بفوموون
له
به نوسراومان ثماره )١٠٨ ٢٥
بوييدانى ريكييدانى كاتى بئامانجى دروستكردنى ئوفيسى تايبوت به )فروشتن بشيوديدكى
9 ياش ئهو ماوديه لاددبريت .
يرآثدى ناوبراو بق ماوهى سى سالآ له شوينى سهوزاى
لهكaل 
هاوييج
مولدتى ودبدرمينان ثماره )١١١ ١ه ٦٨١٩ ٢٠١٤،
سليمانى
نوخشدى ئوفيسى فروشتنى رروزدى داون تاون
وينويوك
بهريودبهرى ريبيدراو
Hiwa Rauf
$
Developranit
Investngr|
ريباز هيوا
٢٠٢٥١٧٨١٥
شيوا ز6وغبج و0ب رهينال / لانذوردار
Building
٦. Balaran, Malik Mahnaud Hoad, Sulaymaniyah, Kurdistan lraq T: +964 53 318 919D
كشتى
يراث ك 
كاتى
برا دكه
لوناق
ريزدا .. .٠ .
برآثه
فايلى",,1.9714,True,False,
,0.3569,Heuristic color/shape placeholder; validate manually or replace with trained detector.,,184-25_1_2_310126_2515629105,,easyocr,,,,3769.58,,,,1,binarized,"Hiwa Rauf
Investment & Development
بهروار: ١٤ ٢٠٢٥١١٠
ثماره : ٢٥١١٨٤
سليمانى
بآ: بريودبدرايدتى كشتى ردبورمينان
سليمانى
بابوت : سايت يلانى يروثدى داون تاون
تايبوت بوييشكدشكردنى سايت يلانى
ئاماثه   بهنووسراومان ثماره )١٠٨ ٢٥ له ٢٢ ٦ ٢٥
سليمانى كهئاراستى بهريزتان كراوه و بهنووسراوتان ثماره )٤٣٦٥ له ٣ ٢٠٢٥١٧(
ررآثدى داون تاون
ئاراستهى سدركايدتى شاردوانى سليمانيتان كردووه بدمدبدستى يوسوندكردنى .
ياليشت بوبريارى ئىنجومدنى شاردوانى سليمانى ثماره )٤٦ له ٢٩ ١١ ٢٠٢٣ كه تايبوت به جاردس ر
بق )٧٤٠٧٨٠  ٥
كردنى كيشهى يرآزمى داون تاون بريار دراوه بهراستكردنهوهى رووبهرى
مورودما يدسدندكردنى ديراسدى ترافيك ستددى ناوج ك .
سوباردت بديدسدندكردنى ترافيك ستددى ناوجاك  بمدمامدنكى 9 شاوكارى سدركايدتى شاردوانى
سليمانى بقوناغى كوتايى ئيشتووه 9 بونووسراومان ثماره )٢٥١١٧٩ له ٢ ٢٠٢٥١١ ييشكاش
سوركايدتى شاردوانى كراو  بمدبدستى يوسدندكردنى .
نمان ريشك ش
سهباردت بوراستكردندردى رووبارى يرآزدى داون تاون سدرجام بيداويستييه ياسا
به سوركايدتى شاردوانى سليمانى كردوو ياليشت بورايآرتى ماوييجى نووسراومان ثماره )١٤٣ ٢٥
ه ١٣ ٢٠٢٥١٨ ٠
ق
جىند  مانىيك تييوريووه بدسر ييشكوشكردنى سايت يلانى  روثك4مان
لهبدرئدودى
رينماييدكان بخ مدبدستى ئاماز  بوكراو  داواكارين لبدريزتان ردزامدندى
جيبهجيكردنى   مدرج 9
بفورموون بوئاراستوكردنى نووسراوى جوختكردندو باسدركايدتى شاردوانى سليمانى بمدباستى :-
يوسدندكردنى سايت يلانى يرآزدى ناوبراف بوزووترين كات ,
+ ٢
بهموردوف بريارى ئونجومونى
ب. راستكردنوودى رووبورى يرآثهى داون تاون بق )٧٤,٧٨٠ م(
بالاى ودبدرهينان و ئونجومدنى شاردوانى سليمانى .
بق برجاوروونى زياترى بوريزتان كميانياكامان بدويدرى تواناو  ئامادي  بق ددست بوكار بوون لم
بنىماي   جدندين جار نوسراومان بوثماره )١٤٩ ٢٥ له ٢٠٢٥١٨،٢٧( ٥ )١٤٣ ٢٥
يروزديددا  ل0سار
٢٥٨١ له ١٥ ٧ ٢٠٢٥( كه ئاراستهى بوريزتان و سدروكايدتى شاردوانى سليمانى
ه ١٤ ٢٠٢٥١٨( ٥
Page 1 of 2
Bullding
٦
Baharan  Malik Mahmud Road, Sulaymaniyah, Kurdistani-lraq, T: +964 53 318 919o
(٢٠
يراثدك 
اييهكا ,
ماوهى
باليشت
ئهم
٢٥١",,3.712,,,
,0.5038,Heuristic color/shape placeholder; validate manually or replace with trained detector.,,184-25_1_2_310126_2515629105,,easyocr,,,,3769.58,,,,2,binarized,"Hiwa Rauf
Investment &
Development
_ دهستبوكا ربوون لهيروزكودا
9
كردووه بىمدبدستى خيراتركردنى يرآسدى يوسدندكردنى سايت يلانك 
بهزووترين كات ,
لهك ل'
هاوييج
نووسراومان ثماره )٢٥٨١٠٨ ه ٦،٢٢ ٢٠٢٥(
نووسراوتان ثماره )٤٣٦٥ ه ٣ ٢٠٢٥١٧(
بريارى ئهنجومدنى شاردوانى سليمانى بوjماره )٤٦ له ٢٩ ٢٣٨١١
نووسراومان ثماره )٥٢٥١١٧٩ ٢ ٢٠٢٥٨١٠(
ه ٢٠١٥١٥١٢٨،
بريارى ئهنجومدى بالاى و٥بورهينان ثماره
٢٥١١ ٥ ٢٥١٧٨١٥
ه ٢٠٢٥١٨١١٤( ق
٢٥٨١٤ ٥ ٢٧ ٢٠٢٥١٨، ٥ )١٤٣ ٢٥
نوسراوهكا نمان ثماره
وينهيىك بق
فايلى
بهريودبهرى ريبيدراو
ريباز هيوا
HiwRan
ئ
٥ ٤٠
 09ببرهينان / سنوردار
Page 2 of 2
Building 1, Baharan, Malik Mahmud Foac, Sulaymaniyah, Kurdistan Iraq, T: +964 53 318 919O
ريزدا . ٠ ٠ ٠٠
٢٢٠ 
٢٤٦١
(٢٠
٢٥١
٤٩
يرو ه
Rauf
 Dev-lopmeni
Invesmeni
١٤ ٠٠
هيوا
 رؤوم بؤ",,1.7915,True,True,
,,Heuristic color/shape placeholder; validate manually or replace with trained detector.,,184-25_1_2_310126_2515629105-1,,surya,expected np.ndarray (got numpy.ndarray),,,1465.9,,,,1,raw,,,0.2832,,,
,,Heuristic color/shape placeholder; validate manually or replace with trained detector.,,184-25_1_2_310126_2515629105-1,,surya,expected np.ndarray (got numpy.ndarray),,,1465.9,,,,2,raw,,,0.2819,,,
,,Heuristic color/shape placeholder; validate manually or replace with trained detector.,,184-25_1_2_310126_2515629105-1,,surya,expected np.ndarray (got numpy.ndarray),,,1465.9,,,,3,raw,,,0.3815,,,
,,Heuristic color/shape placeholder; validate manually or replace with trained detector.,,184-25_1_2_310126_2515629105-1,,surya,expected np.ndarray (got numpy.ndarray),,,1465.9,,,,4,raw,,,0.2729,,,
,,Heuristic color/shape placeholder; validate manually or replace with trained detector.,,184-25_1_2_310126_2515629105-1,,surya,expected np.ndarray (got numpy.ndarray),,,1465.9,,,,5,raw,,,0.2388,,,
,,Heuristic color/shape placeholder; validate manually or replace with trained detector.,,184-25_1_2_310126_2515629105-1,,surya,expected np.ndarray (got numpy.ndarray),,,1465.9,,,,6,raw,,,0.2404,,,
,,Heuristic color/shape placeholder; validate manually or replace with trained detector.,,184-25_1_2_310126_2515629105-1,,surya,expected np.ndarray (got numpy.ndarray),,,1465.9,,,,7,raw,,,0.2404,,,
,,Heuristic color/shape placeholder; validate manually or replace with trained detector.,,184-25_1_2_310126_2515629105-1,,surya,expected np.ndarray (got numpy.ndarray),,,1465.9,,,,8,raw,,,0.2559,,,
,,Heuristic color/shape placeholder; validate manually or replace with trained detector.,,184-25_1_2_310126_2515629105-1,,surya,expected np.ndarray (got numpy.ndarray),,,1465.9,,,,9,raw,,,0.2539,,,
,,Heuristic color/shape placeholder; validate manually or replace with trained detector.,,184-25_1_2_310126_2515629105-1,,surya,expected np.ndarray (got numpy.ndarray),,,1465.9,,,,10,raw,,,0.2532,,,
,,Heuristic color/shape placeholder; validate manually or replace with trained detector.,,184-25_1_2_310126_2515629105-1,,surya,expected np.ndarray (got numpy.ndarray),,,1465.9,,,,11,raw,,,0.2435,,,
,,Heuristic color/shape placeholder; validate manually or replace with trained detector.,,184-25_1_2_310126_2515629105-1,,surya,expected np.ndarray (got numpy.ndarray),,,1465.9,,,,12,raw,,,0.2471,True,False,
,,Heuristic color/shape placeholder; validate manually or replace with trained detector.,,184-25_1_2_310126_2515629105,,surya,expected np.ndarray (got numpy.ndarray),,,1465.9,,,,1,raw,,,0.2403,,,
,,Heuristic color/shape placeholder; validate manually or replace with trained detector.,,184-25_1_2_310126_2515629105,,surya,expected np.ndarray (got numpy.ndarray),,,1465.9,,,,2,raw,,,0.2286,True,True,
,,Heuristic color/shape placeholder; validate manually or replace with trained detector.,,184-25_1_2_310126_2515629105-1,,surya,expected np.ndarray (got numpy.ndarray),,,1465.9,,,,1,clean,,,0.2283,,,
,,Heuristic color/shape placeholder; validate manually or replace with trained detector.,,184-25_1_2_310126_2515629105-1,,surya,expected np.ndarray (got numpy.ndarray),,,1465.9,,,,2,clean,,,0.2331,,,
,,Heuristic color/shape placeholder; validate manually or replace with trained detector.,,184-25_1_2_310126_2515629105-1,,surya,expected np.ndarray (got numpy.ndarray),,,1465.9,,,,3,clean,,,0.2334,,,
,,Heuristic color/shape placeholder; validate manually or replace with trained detector.,,184-25_1_2_310126_2515629105-1,,surya,expected np.ndarray (got numpy.ndarray),,,1465.9,,,,4,clean,,,0.2124,,,
,,Heuristic color/shape placeholder; validate manually or replace with trained detector.,,184-25_1_2_310126_2515629105-1,,surya,expected np.ndarray (got numpy.ndarray),,,1465.9,,,,5,clean,,,0.1997,,,
,,Heuristic color/shape placeholder; validate manually or replace with trained detector.,,184-25_1_2_310126_2515629105-1,,surya,expected np.ndarray (got numpy.ndarray),,,1465.9,,,,6,clean,,,0.1979,,,
,,Heuristic color/shape placeholder; validate manually or replace with trained detector.,,184-25_1_2_310126_2515629105-1,,surya,expected np.ndarray (got numpy.ndarray),,,1465.9,,,,7,clean,,,0.2027,,,
,,Heuristic color/shape placeholder; validate manually or replace with trained detector.,,184-25_1_2_310126_2515629105-1,,surya,expected np.ndarray (got numpy.ndarray),,,1465.9,,,,8,clean,,,0.205,,,
,,Heuristic color/shape placeholder; validate manually or replace with trained detector.,,184-25_1_2_310126_2515629105-1,,surya,expected np.ndarray (got numpy.ndarray),,,1465.9,,,,9,clean,,,0.2051,,,
,,Heuristic color/shape placeholder; validate manually or replace with trained detector.,,184-25_1_2_310126_2515629105-1,,surya,expected np.ndarray (got numpy.ndarray),,,1465.9,,,,10,clean,,,0.2021,,,
,,Heuristic color/shape placeholder; validate manually or replace with trained detector.,,184-25_1_2_310126_2515629105-1,,surya,expected np.ndarray (got numpy.ndarray),,,1465.9,,,,11,clean,,,0.1991,,,
,,Heuristic color/shape placeholder; validate manually or replace with trained detector.,,184-25_1_2_310126_2515629105-1,,surya,expected np.ndarray (got numpy.ndarray),,,1465.9,,,,12,clean,,,0.1991,True,False,
,,Heuristic color/shape placeholder; validate manually or replace with trained detector.,,184-25_1_2_310126_2515629105,,surya,expected np.ndarray (got numpy.ndarray),,,1465.9,,,,1,clean,,,0.1982,,,
,,Heuristic color/shape placeholder; validate manually or replace with trained detector.,,184-25_1_2_310126_2515629105,,surya,expected np.ndarray (got numpy.ndarray),,,1465.9,,,,2,clean,,,0.1946,True,True,
,,Heuristic color/shape placeholder; validate manually or replace with trained detector.,,184-25_1_2_310126_2515629105-1,,surya,expected np.ndarray (got numpy.ndarray),,,1465.9,,,,1,binarized,,,0.2072,,,
,,Heuristic color/shape placeholder; validate manually or replace with trained detector.,,184-25_1_2_310126_2515629105-1,,surya,expected np.ndarray (got numpy.ndarray),,,1465.9,,,,2,binarized,,,0.2103,,,
,,Heuristic color/shape placeholder; validate manually or replace with trained detector.,,184-25_1_2_310126_2515629105-1,,surya,expected np.ndarray (got numpy.ndarray),,,1465.9,,,,3,binarized,,,0.2068,,,
,,Heuristic color/shape placeholder; validate manually or replace with trained detector.,,184-25_1_2_310126_2515629105-1,,surya,expected np.ndarray (got numpy.ndarray),,,1465.9,,,,4,binarized,,,0.1757,,,
,,Heuristic color/shape placeholder; validate manually or replace with trained detector.,,184-25_1_2_310126_2515629105-1,,surya,expected np.ndarray (got numpy.ndarray),,,1465.9,,,,5,binarized,,,0.1742,,,
,,Heuristic color/shape placeholder; validate manually or replace with trained detector.,,184-25_1_2_310126_2515629105-1,,surya,expected np.ndarray (got numpy.ndarray),,,1465.9,,,,6,binarized,,,0.1778,,,
,,Heuristic color/shape placeholder; validate manually or replace with trained detector.,,184-25_1_2_310126_2515629105-1,,surya,expected np.ndarray (got numpy.ndarray),,,1465.9,,,,7,binarized,,,0.1771,,,
,,Heuristic color/shape placeholder; validate manually or replace with trained detector.,,184-25_1_2_310126_2515629105-1,,surya,expected np.ndarray (got numpy.ndarray),,,1465.9,,,,8,binarized,,,0.1812,,,
,,Heuristic color/shape placeholder; validate manually or replace with trained detector.,,184-25_1_2_310126_2515629105-1,,surya,expected np.ndarray (got numpy.ndarray),,,1465.9,,,,9,binarized,,,0.1794,,,
,,Heuristic color/shape placeholder; validate manually or replace with trained detector.,,184-25_1_2_310126_2515629105-1,,surya,expected np.ndarray (got numpy.ndarray),,,1465.9,,,,10,binarized,,,0.1791,,,
,,Heuristic color/shape placeholder; validate manually or replace with trained detector.,,184-25_1_2_310126_2515629105-1,,surya,expected np.ndarray (got numpy.ndarray),,,1465.9,,,,11,binarized,,,0.1784,,,
,,Heuristic color/shape placeholder; validate manually or replace with trained detector.,,184-25_1_2_310126_2515629105-1,,surya,expected np.ndarray (got numpy.ndarray),,,1465.9,,,,12,binarized,,,0.2288,True,False,
,,Heuristic color/shape placeholder; validate manually or replace with trained detector.,,184-25_1_2_310126_2515629105,,surya,expected np.ndarray (got numpy.ndarray),,,1465.9,,,,1,binarized,,,0.177,,,
,,Heuristic color/shape placeholder; validate manually or replace with trained detector.,,184-25_1_2_310126_2515629105,,surya,expected np.ndarray (got numpy.ndarray),,,1465.9,,,,2,binarized,,,0.1791,True,True,
,,Heuristic color/shape placeholder; validate manually or replace with trained detector.,,184-25_1_2_310126_2515629105-1,,docling,"Conversion failed for: 184-25_1_2_310126_2515629105-1_page_001_raw.png with status: failure. Errors: Page 1: OpenCV(4.10.0) :-1: error: (-5:Bad argument) in function 'cvtColor'
> Overload resolution failed:
>  - src is not a numpy array, neither a scalar
>  - Expected Ptr<cv::UMat> for argument 'src'
",,,669.98,,,,1,raw,,,9.28,,,
,,Heuristic color/shape placeholder; validate manually or replace with trained detector.,,184-25_1_2_310126_2515629105-1,,docling,"Conversion failed for: 184-25_1_2_310126_2515629105-1_page_002_raw.png with status: failure. Errors: Page 1: OpenCV(4.10.0) :-1: error: (-5:Bad argument) in function 'cvtColor'
> Overload resolution failed:
>  - src is not a numpy array, neither a scalar
>  - Expected Ptr<cv::UMat> for argument 'src'
",,,463.71,,,,2,raw,,,1.7381,,,
,,Heuristic color/shape placeholder; validate manually or replace with trained detector.,,184-25_1_2_310126_2515629105-1,,docling,"Conversion failed for: 184-25_1_2_310126_2515629105-1_page_003_raw.png with status: failure. Errors: Page 1: OpenCV(4.10.0) :-1: error: (-5:Bad argument) in function 'cvtColor'
> Overload resolution failed:
>  - src is not a numpy array, neither a scalar
>  - Expected Ptr<cv::UMat> for argument 'src'
",,,463.71,,,,3,raw,,,1.5557,,,
,,Heuristic color/shape placeholder; validate manually or replace with trained detector.,,184-25_1_2_310126_2515629105-1,,docling,"Conversion failed for: 184-25_1_2_310126_2515629105-1_page_004_raw.png with status: failure. Errors: Page 1: OpenCV(4.10.0) :-1: error: (-5:Bad argument) in function 'cvtColor'
> Overload resolution failed:
>  - src is not a numpy array, neither a scalar
>  - Expected Ptr<cv::UMat> for argument 'src'
",,,463.71,,,,4,raw,,,1.7272,,,
,,Heuristic color/shape placeholder; validate manually or replace with trained detector.,,184-25_1_2_310126_2515629105-1,,docling,"Conversion failed for: 184-25_1_2_310126_2515629105-1_page_005_raw.png with status: failure. Errors: Page 1: OpenCV(4.10.0) :-1: error: (-5:Bad argument) in function 'cvtColor'
> Overload resolution failed:
>  - src is not a numpy array, neither a scalar
>  - Expected Ptr<cv::UMat> for argument 'src'
",,,463.71,,,,5,raw,,,1.7346,,,
,,Heuristic color/shape placeholder; validate manually or replace with trained detector.,,184-25_1_2_310126_2515629105-1,,docling,"Conversion failed for: 184-25_1_2_310126_2515629105-1_page_006_raw.png with status: failure. Errors: Page 1: OpenCV(4.10.0) :-1: error: (-5:Bad argument) in function 'cvtColor'
> Overload resolution failed:
>  - src is not a numpy array, neither a scalar
>  - Expected Ptr<cv::UMat> for argument 'src'
",,,463.71,,,,6,raw,,,1.7278,,,
,,Heuristic color/shape placeholder; validate manually or replace with trained detector.,,184-25_1_2_310126_2515629105-1,,docling,"Conversion failed for: 184-25_1_2_310126_2515629105-1_page_007_raw.png with status: failure. Errors: Page 1: OpenCV(4.10.0) :-1: error: (-5:Bad argument) in function 'cvtColor'
> Overload resolution failed:
>  - src is not a numpy array, neither a scalar
>  - Expected Ptr<cv::UMat> for argument 'src'
",,,463.71,,,,7,raw,,,1.4152,,,
,,Heuristic color/shape placeholder; validate manually or replace with trained detector.,,184-25_1_2_310126_2515629105-1,,docling,"Conversion failed for: 184-25_1_2_310126_2515629105-1_page_008_raw.png with status: failure. Errors: Page 1: OpenCV(4.10.0) :-1: error: (-5:Bad argument) in function 'cvtColor'
> Overload resolution failed:
>  - src is not a numpy array, neither a scalar
>  - Expected Ptr<cv::UMat> for argument 'src'
",,,463.71,,,,8,raw,,,1.7437,,,
,,Heuristic color/shape placeholder; validate manually or replace with trained detector.,,184-25_1_2_310126_2515629105-1,,docling,"Conversion failed for: 184-25_1_2_310126_2515629105-1_page_009_raw.png with status: failure. Errors: Page 1: OpenCV(4.10.0) :-1: error: (-5:Bad argument) in function 'cvtColor'
> Overload resolution failed:
>  - src is not a numpy array, neither a scalar
>  - Expected Ptr<cv::UMat> for argument 'src'
",,,463.71,,,,9,raw,,,1.5859,,,
,,Heuristic color/shape placeholder; validate manually or replace with trained detector.,,184-25_1_2_310126_2515629105-1,,docling,"Conversion failed for: 184-25_1_2_310126_2515629105-1_page_010_raw.png with status: failure. Errors: Page 1: OpenCV(4.10.0) :-1: error: (-5:Bad argument) in function 'cvtColor'
> Overload resolution failed:
>  - src is not a numpy array, neither a scalar
>  - Expected Ptr<cv::UMat> for argument 'src'
",,,463.71,,,,10,raw,,,1.7309,,,
,,Heuristic color/shape placeholder; validate manually or replace with trained detector.,,184-25_1_2_310126_2515629105-1,,docling,"Conversion failed for: 184-25_1_2_310126_2515629105-1_page_011_raw.png with status: failure. Errors: Page 1: OpenCV(4.10.0) :-1: error: (-5:Bad argument) in function 'cvtColor'
> Overload resolution failed:
>  - src is not a numpy array, neither a scalar
>  - Expected Ptr<cv::UMat> for argument 'src'
",,,463.71,,,,11,raw,,,1.5951,,,
,,Heuristic color/shape placeholder; validate manually or replace with trained detector.,,184-25_1_2_310126_2515629105-1,,docling,"Conversion failed for: 184-25_1_2_310126_2515629105-1_page_012_raw.png with status: failure. Errors: Page 1: OpenCV(4.10.0) :-1: error: (-5:Bad argument) in function 'cvtColor'
> Overload resolution failed:
>  - src is not a numpy array, neither a scalar
>  - Expected Ptr<cv::UMat> for argument 'src'
",,,463.71,,,,12,raw,,,1.7384,True,False,
,,Heuristic color/shape placeholder; validate manually or replace with trained detector.,,184-25_1_2_310126_2515629105,,docling,"Conversion failed for: 184-25_1_2_310126_2515629105_page_001_raw.png with status: failure. Errors: Page 1: OpenCV(4.10.0) :-1: error: (-5:Bad argument) in function 'cvtColor'
> Overload resolution failed:
>  - src is not a numpy array, neither a scalar
>  - Expected Ptr<cv::UMat> for argument 'src'
",,,463.71,,,,1,raw,,,1.9463,,,
,,Heuristic color/shape placeholder; validate manually or replace with trained detector.,,184-25_1_2_310126_2515629105,,docling,"Conversion failed for: 184-25_1_2_310126_2515629105_page_002_raw.png with status: failure. Errors: Page 1: OpenCV(4.10.0) :-1: error: (-5:Bad argument) in function 'cvtColor'
> Overload resolution failed:
>  - src is not a numpy array, neither a scalar
>  - Expected Ptr<cv::UMat> for argument 'src'
",,,463.71,,,,2,raw,,,1.9031,True,True,
,,Heuristic color/shape placeholder; validate manually or replace with trained detector.,,184-25_1_2_310126_2515629105-1,,docling,"Conversion failed for: 184-25_1_2_310126_2515629105-1_page_001_clean.png with status: failure. Errors: Page 1: OpenCV(4.10.0) :-1: error: (-5:Bad argument) in function 'cvtColor'
> Overload resolution failed:
>  - src is not a numpy array, neither a scalar
>  - Expected Ptr<cv::UMat> for argument 'src'
",,,463.71,,,,1,clean,,,1.6823,,,
,,Heuristic color/shape placeholder; validate manually or replace with trained detector.,,184-25_1_2_310126_2515629105-1,,docling,"Conversion failed for: 184-25_1_2_310126_2515629105-1_page_002_clean.png with status: failure. Errors: Page 1: OpenCV(4.10.0) :-1: error: (-5:Bad argument) in function 'cvtColor'
> Overload resolution failed:
>  - src is not a numpy array, neither a scalar
>  - Expected Ptr<cv::UMat> for argument 'src'
",,,463.71,,,,2,clean,,,1.4842,,,
,,Heuristic color/shape placeholder; validate manually or replace with trained detector.,,184-25_1_2_310126_2515629105-1,,docling,"Conversion failed for: 184-25_1_2_310126_2515629105-1_page_003_clean.png with status: failure. Errors: Page 1: OpenCV(4.10.0) :-1: error: (-5:Bad argument) in function 'cvtColor'
> Overload resolution failed:
>  - src is not a numpy array, neither a scalar
>  - Expected Ptr<cv::UMat> for argument 'src'
",,,463.71,,,,3,clean,,,1.6432,,,
,,Heuristic color/shape placeholder; validate manually or replace with trained detector.,,184-25_1_2_310126_2515629105-1,,docling,"Conversion failed for: 184-25_1_2_310126_2515629105-1_page_004_clean.png with status: failure. Errors: Page 1: OpenCV(4.10.0) :-1: error: (-5:Bad argument) in function 'cvtColor'
> Overload resolution failed:
>  - src is not a numpy array, neither a scalar
>  - Expected Ptr<cv::UMat> for argument 'src'
",,,463.71,,,,4,clean,,,1.4478,,,
,,Heuristic color/shape placeholder; validate manually or replace with trained detector.,,184-25_1_2_310126_2515629105-1,,docling,"Conversion failed for: 184-25_1_2_310126_2515629105-1_page_005_clean.png with status: failure. Errors: Page 1: OpenCV(4.10.0) :-1: error: (-5:Bad argument) in function 'cvtColor'
> Overload resolution failed:
>  - src is not a numpy array, neither a scalar
>  - Expected Ptr<cv::UMat> for argument 'src'
",,,463.71,,,,5,clean,,,1.6014,,,
,,Heuristic color/shape placeholder; validate manually or replace with trained detector.,,184-25_1_2_310126_2515629105-1,,docling,"Conversion failed for: 184-25_1_2_310126_2515629105-1_page_006_clean.png with status: failure. Errors: Page 1: OpenCV(4.10.0) :-1: error: (-5:Bad argument) in function 'cvtColor'
> Overload resolution failed:
>  - src is not a numpy array, neither a scalar
>  - Expected Ptr<cv::UMat> for argument 'src'
",,,463.71,,,,6,clean,,,1.488,,,
,,Heuristic color/shape placeholder; validate manually or replace with trained detector.,,184-25_1_2_310126_2515629105-1,,docling,"Conversion failed for: 184-25_1_2_310126_2515629105-1_page_007_clean.png with status: failure. Errors: Page 1: OpenCV(4.10.0) :-1: error: (-5:Bad argument) in function 'cvtColor'
> Overload resolution failed:
>  - src is not a numpy array, neither a scalar
>  - Expected Ptr<cv::UMat> for argument 'src'
",,,463.71,,,,7,clean,,,1.5797,,,
,,Heuristic color/shape placeholder; validate manually or replace with trained detector.,,184-25_1_2_310126_2515629105-1,,docling,"Conversion failed for: 184-25_1_2_310126_2515629105-1_page_008_clean.png with status: failure. Errors: Page 1: OpenCV(4.10.0) :-1: error: (-5:Bad argument) in function 'cvtColor'
> Overload resolution failed:
>  - src is not a numpy array, neither a scalar
>  - Expected Ptr<cv::UMat> for argument 'src'
",,,463.71,,,,8,clean,,,1.6823,,,
,,Heuristic color/shape placeholder; validate manually or replace with trained detector.,,184-25_1_2_310126_2515629105-1,,docling,"Conversion failed for: 184-25_1_2_310126_2515629105-1_page_009_clean.png with status: failure. Errors: Page 1: OpenCV(4.10.0) :-1: error: (-5:Bad argument) in function 'cvtColor'
> Overload resolution failed:
>  - src is not a numpy array, neither a scalar
>  - Expected Ptr<cv::UMat> for argument 'src'
",,,463.71,,,,9,clean,,,1.6555,,,
,,Heuristic color/shape placeholder; validate manually or replace with trained detector.,,184-25_1_2_310126_2515629105-1,,docling,"Conversion failed for: 184-25_1_2_310126_2515629105-1_page_010_clean.png with status: failure. Errors: Page 1: OpenCV(4.10.0) :-1: error: (-5:Bad argument) in function 'cvtColor'
> Overload resolution failed:
>  - src is not a numpy array, neither a scalar
>  - Expected Ptr<cv::UMat> for argument 'src'
",,,463.71,,,,10,clean,,,1.4962,,,
,,Heuristic color/shape placeholder; validate manually or replace with trained detector.,,184-25_1_2_310126_2515629105-1,,docling,"Conversion failed for: 184-25_1_2_310126_2515629105-1_page_011_clean.png with status: failure. Errors: Page 1: OpenCV(4.10.0) :-1: error: (-5:Bad argument) in function 'cvtColor'
> Overload resolution failed:
>  - src is not a numpy array, neither a scalar
>  - Expected Ptr<cv::UMat> for argument 'src'
",,,463.71,,,,11,clean,,,1.6867,,,
,,Heuristic color/shape placeholder; validate manually or replace with trained detector.,,184-25_1_2_310126_2515629105-1,,docling,"Conversion failed for: 184-25_1_2_310126_2515629105-1_page_012_clean.png with status: failure. Errors: Page 1: OpenCV(4.10.0) :-1: error: (-5:Bad argument) in function 'cvtColor'
> Overload resolution failed:
>  - src is not a numpy array, neither a scalar
>  - Expected Ptr<cv::UMat> for argument 'src'
",,,463.71,,,,12,clean,,,1.5101,True,False,
,,Heuristic color/shape placeholder; validate manually or replace with trained detector.,,184-25_1_2_310126_2515629105,,docling,"Conversion failed for: 184-25_1_2_310126_2515629105_page_001_clean.png with status: failure. Errors: Page 1: OpenCV(4.10.0) :-1: error: (-5:Bad argument) in function 'cvtColor'
> Overload resolution failed:
>  - src is not a numpy array, neither a scalar
>  - Expected Ptr<cv::UMat> for argument 'src'
",,,463.71,,,,1,clean,,,1.8528,,,
,,Heuristic color/shape placeholder; validate manually or replace with trained detector.,,184-25_1_2_310126_2515629105,,docling,"Conversion failed for: 184-25_1_2_310126_2515629105_page_002_clean.png with status: failure. Errors: Page 1: OpenCV(4.10.0) :-1: error: (-5:Bad argument) in function 'cvtColor'
> Overload resolution failed:
>  - src is not a numpy array, neither a scalar
>  - Expected Ptr<cv::UMat> for argument 'src'
",,,463.71,,,,2,clean,,,1.8867,True,True,
,,Heuristic color/shape placeholder; validate manually or replace with trained detector.,,184-25_1_2_310126_2515629105-1,,docling,"Conversion failed for: 184-25_1_2_310126_2515629105-1_page_001_binarized.png with status: failure. Errors: Page 1: OpenCV(4.10.0) :-1: error: (-5:Bad argument) in function 'cvtColor'
> Overload resolution failed:
>  - src is not a numpy array, neither a scalar
>  - Expected Ptr<cv::UMat> for argument 'src'
",,,463.71,,,,1,binarized,,,1.5004,,,
,,Heuristic color/shape placeholder; validate manually or replace with trained detector.,,184-25_1_2_310126_2515629105-1,,docling,"Conversion failed for: 184-25_1_2_310126_2515629105-1_page_002_binarized.png with status: failure. Errors: Page 1: OpenCV(4.10.0) :-1: error: (-5:Bad argument) in function 'cvtColor'
> Overload resolution failed:
>  - src is not a numpy array, neither a scalar
>  - Expected Ptr<cv::UMat> for argument 'src'
",,,463.71,,,,2,binarized,,,1.5915,,,
,,Heuristic color/shape placeholder; validate manually or replace with trained detector.,,184-25_1_2_310126_2515629105-1,,docling,"Conversion failed for: 184-25_1_2_310126_2515629105-1_page_003_binarized.png with status: failure. Errors: Page 1: OpenCV(4.10.0) :-1: error: (-5:Bad argument) in function 'cvtColor'
> Overload resolution failed:
>  - src is not a numpy array, neither a scalar
>  - Expected Ptr<cv::UMat> for argument 'src'
",,,463.71,,,,3,binarized,,,1.4876,,,
,,Heuristic color/shape placeholder; validate manually or replace with trained detector.,,184-25_1_2_310126_2515629105-1,,docling,"Conversion failed for: 184-25_1_2_310126_2515629105-1_page_004_binarized.png with status: failure. Errors: Page 1: OpenCV(4.10.0) :-1: error: (-5:Bad argument) in function 'cvtColor'
> Overload resolution failed:
>  - src is not a numpy array, neither a scalar
>  - Expected Ptr<cv::UMat> for argument 'src'
",,,463.71,,,,4,binarized,,,1.5915,,,
,,Heuristic color/shape placeholder; validate manually or replace with trained detector.,,184-25_1_2_310126_2515629105-1,,docling,"Conversion failed for: 184-25_1_2_310126_2515629105-1_page_005_binarized.png with status: failure. Errors: Page 1: OpenCV(4.10.0) :-1: error: (-5:Bad argument) in function 'cvtColor'
> Overload resolution failed:
>  - src is not a numpy array, neither a scalar
>  - Expected Ptr<cv::UMat> for argument 'src'
",,,463.71,,,,5,binarized,,,1.6067,,,
,,Heuristic color/shape placeholder; validate manually or replace with trained detector.,,184-25_1_2_310126_2515629105-1,,docling,"Conversion failed for: 184-25_1_2_310126_2515629105-1_page_006_binarized.png with status: failure. Errors: Page 1: OpenCV(4.10.0) :-1: error: (-5:Bad argument) in function 'cvtColor'
> Overload resolution failed:
>  - src is not a numpy array, neither a scalar
>  - Expected Ptr<cv::UMat> for argument 'src'
",,,463.71,,,,6,binarized,,,1.371,,,
,,Heuristic color/shape placeholder; validate manually or replace with trained detector.,,184-25_1_2_310126_2515629105-1,,docling,"Conversion failed for: 184-25_1_2_310126_2515629105-1_page_007_binarized.png with status: failure. Errors: Page 1: OpenCV(4.10.0) :-1: error: (-5:Bad argument) in function 'cvtColor'
> Overload resolution failed:
>  - src is not a numpy array, neither a scalar
>  - Expected Ptr<cv::UMat> for argument 'src'
",,,463.71,,,,7,binarized,,,1.383,,,
,,Heuristic color/shape placeholder; validate manually or replace with trained detector.,,184-25_1_2_310126_2515629105-1,,docling,"Conversion failed for: 184-25_1_2_310126_2515629105-1_page_008_binarized.png with status: failure. Errors: Page 1: OpenCV(4.10.0) :-1: error: (-5:Bad argument) in function 'cvtColor'
> Overload resolution failed:
>  - src is not a numpy array, neither a scalar
>  - Expected Ptr<cv::UMat> for argument 'src'
",,,463.71,,,,8,binarized,,,1.6482,,,
,,Heuristic color/shape placeholder; validate manually or replace with trained detector.,,184-25_1_2_310126_2515629105-1,,docling,"Conversion failed for: 184-25_1_2_310126_2515629105-1_page_009_binarized.png with status: failure. Errors: Page 1: OpenCV(4.10.0) :-1: error: (-5:Bad argument) in function 'cvtColor'
> Overload resolution failed:
>  - src is not a numpy array, neither a scalar
>  - Expected Ptr<cv::UMat> for argument 'src'
",,,463.71,,,,9,binarized,,,1.2513,,,
,,Heuristic color/shape placeholder; validate manually or replace with trained detector.,,184-25_1_2_310126_2515629105-1,,docling,"Conversion failed for: 184-25_1_2_310126_2515629105-1_page_010_binarized.png with status: failure. Errors: Page 1: OpenCV(4.10.0) :-1: error: (-5:Bad argument) in function 'cvtColor'
> Overload resolution failed:
>  - src is not a numpy array, neither a scalar
>  - Expected Ptr<cv::UMat> for argument 'src'
",,,463.71,,,,10,binarized,,,1.6373,,,
,,Heuristic color/shape placeholder; validate manually or replace with trained detector.,,184-25_1_2_310126_2515629105-1,,docling,"Conversion failed for: 184-25_1_2_310126_2515629105-1_page_011_binarized.png with status: failure. Errors: Page 1: OpenCV(4.10.0) :-1: error: (-5:Bad argument) in function 'cvtColor'
> Overload resolution failed:
>  - src is not a numpy array, neither a scalar
>  - Expected Ptr<cv::UMat> for argument 'src'
",,,463.71,,,,11,binarized,,,1.6104,,,
,,Heuristic color/shape placeholder; validate manually or replace with trained detector.,,184-25_1_2_310126_2515629105-1,,docling,"Conversion failed for: 184-25_1_2_310126_2515629105-1_page_012_binarized.png with status: failure. Errors: Page 1: OpenCV(4.10.0) :-1: error: (-5:Bad argument) in function 'cvtColor'
> Overload resolution failed:
>  - src is not a numpy array, neither a scalar
>  - Expected Ptr<cv::UMat> for argument 'src'
",,,463.71,,,,12,binarized,,,1.6494,True,False,
,,Heuristic color/shape placeholder; validate manually or replace with trained detector.,,184-25_1_2_310126_2515629105,,docling,"Conversion failed for: 184-25_1_2_310126_2515629105_page_001_binarized.png with status: failure. Errors: Page 1: OpenCV(4.10.0) :-1: error: (-5:Bad argument) in function 'cvtColor'
> Overload resolution failed:
>  - src is not a numpy array, neither a scalar
>  - Expected Ptr<cv::UMat> for argument 'src'
",,,463.71,,,,1,binarized,,,1.9338,,,
,,Heuristic color/shape placeholder; validate manually or replace with trained detector.,,184-25_1_2_310126_2515629105,,docling,"Conversion failed for: 184-25_1_2_310126_2515629105_page_002_binarized.png with status: failure. Errors: Page 1: OpenCV(4.10.0) :-1: error: (-5:Bad argument) in function 'cvtColor'
> Overload resolution failed:
>  - src is not a numpy array, neither a scalar
>  - Expected Ptr<cv::UMat> for argument 'src'
",,,463.71,,,,2,binarized,,,1.63,True,True,
,,Heuristic color/shape placeholder; validate manually or replace with trained detector.,,184-25_1_2_310126_2515629105-1,,paddle,"OpenCV(4.10.0) :-1: error: (-5:Bad argument) in function 'imdecode'
> Overload resolution failed:
>  - buf is not a numpy array, neither a scalar
>  - Expected Ptr<cv::UMat> for argument 'buf'
",,,0.0,,,,1,raw,,,0.0005,,,
,,Heuristic color/shape placeholder; validate manually or replace with trained detector.,,184-25_1_2_310126_2515629105-1,,paddle,"OpenCV(4.10.0) :-1: error: (-5:Bad argument) in function 'imdecode'
> Overload resolution failed:
>  - buf is not a numpy array, neither a scalar
>  - Expected Ptr<cv::UMat> for argument 'buf'
",,,0.0,,,,2,raw,,,0.0006,,,
,,Heuristic color/shape placeholder; validate manually or replace with trained detector.,,184-25_1_2_310126_2515629105-1,,paddle,"OpenCV(4.10.0) :-1: error: (-5:Bad argument) in function 'imdecode'
> Overload resolution failed:
>  - buf is not a numpy array, neither a scalar
>  - Expected Ptr<cv::UMat> for argument 'buf'
",,,0.0,,,,3,raw,,,0.0016,,,
,,Heuristic color/shape placeholder; validate manually or replace with trained detector.,,184-25_1_2_310126_2515629105-1,,paddle,"OpenCV(4.10.0) :-1: error: (-5:Bad argument) in function 'imdecode'
> Overload resolution failed:
>  - buf is not a numpy array, neither a scalar
>  - Expected Ptr<cv::UMat> for argument 'buf'
",,,0.0,,,,4,raw,,,0.0006,,,
,,Heuristic color/shape placeholder; validate manually or replace with trained detector.,,184-25_1_2_310126_2515629105-1,,paddle,"OpenCV(4.10.0) :-1: error: (-5:Bad argument) in function 'imdecode'
> Overload resolution failed:
>  - buf is not a numpy array, neither a scalar
>  - Expected Ptr<cv::UMat> for argument 'buf'
",,,0.0,,,,5,raw,,,0.0008,,,
,,Heuristic color/shape placeholder; validate manually or replace with trained detector.,,184-25_1_2_310126_2515629105-1,,paddle,"OpenCV(4.10.0) :-1: error: (-5:Bad argument) in function 'imdecode'
> Overload resolution failed:
>  - buf is not a numpy array, neither a scalar
>  - Expected Ptr<cv::UMat> for argument 'buf'
",,,0.0,,,,6,raw,,,0.0007,,,
,,Heuristic color/shape placeholder; validate manually or replace with trained detector.,,184-25_1_2_310126_2515629105-1,,paddle,"OpenCV(4.10.0) :-1: error: (-5:Bad argument) in function 'imdecode'
> Overload resolution failed:
>  - buf is not a numpy array, neither a scalar
>  - Expected Ptr<cv::UMat> for argument 'buf'
",,,0.0,,,,7,raw,,,0.0014,,,
,,Heuristic color/shape placeholder; validate manually or replace with trained detector.,,184-25_1_2_310126_2515629105-1,,paddle,"OpenCV(4.10.0) :-1: error: (-5:Bad argument) in function 'imdecode'
> Overload resolution failed:
>  - buf is not a numpy array, neither a scalar
>  - Expected Ptr<cv::UMat> for argument 'buf'
",,,0.0,,,,8,raw,,,0.0022,,,
,,Heuristic color/shape placeholder; validate manually or replace with trained detector.,,184-25_1_2_310126_2515629105-1,,paddle,"OpenCV(4.10.0) :-1: error: (-5:Bad argument) in function 'imdecode'
> Overload resolution failed:
>  - buf is not a numpy array, neither a scalar
>  - Expected Ptr<cv::UMat> for argument 'buf'
",,,0.0,,,,9,raw,,,0.0021,,,
,,Heuristic color/shape placeholder; validate manually or replace with trained detector.,,184-25_1_2_310126_2515629105-1,,paddle,"OpenCV(4.10.0) :-1: error: (-5:Bad argument) in function 'imdecode'
> Overload resolution failed:
>  - buf is not a numpy array, neither a scalar
>  - Expected Ptr<cv::UMat> for argument 'buf'
",,,0.0,,,,10,raw,,,0.002,,,
,,Heuristic color/shape placeholder; validate manually or replace with trained detector.,,184-25_1_2_310126_2515629105-1,,paddle,"OpenCV(4.10.0) :-1: error: (-5:Bad argument) in function 'imdecode'
> Overload resolution failed:
>  - buf is not a numpy array, neither a scalar
>  - Expected Ptr<cv::UMat> for argument 'buf'
",,,0.0,,,,11,raw,,,0.0015,,,
,,Heuristic color/shape placeholder; validate manually or replace with trained detector.,,184-25_1_2_310126_2515629105-1,,paddle,"OpenCV(4.10.0) :-1: error: (-5:Bad argument) in function 'imdecode'
> Overload resolution failed:
>  - buf is not a numpy array, neither a scalar
>  - Expected Ptr<cv::UMat> for argument 'buf'
",,,0.0,,,,12,raw,,,0.0013,True,False,
,,Heuristic color/shape placeholder; validate manually or replace with trained detector.,,184-25_1_2_310126_2515629105,,paddle,"OpenCV(4.10.0) :-1: error: (-5:Bad argument) in function 'imdecode'
> Overload resolution failed:
>  - buf is not a numpy array, neither a scalar
>  - Expected Ptr<cv::UMat> for argument 'buf'
",,,0.0,,,,1,raw,,,0.0006,,,
,,Heuristic color/shape placeholder; validate manually or replace with trained detector.,,184-25_1_2_310126_2515629105,,paddle,"OpenCV(4.10.0) :-1: error: (-5:Bad argument) in function 'imdecode'
> Overload resolution failed:
>  - buf is not a numpy array, neither a scalar
>  - Expected Ptr<cv::UMat> for argument 'buf'
",,,0.0,,,,2,raw,,,0.0004,True,True,
,,Heuristic color/shape placeholder; validate manually or replace with trained detector.,,184-25_1_2_310126_2515629105-1,,paddle,"OpenCV(4.10.0) :-1: error: (-5:Bad argument) in function 'imdecode'
> Overload resolution failed:
>  - buf is not a numpy array, neither a scalar
>  - Expected Ptr<cv::UMat> for argument 'buf'
",,,0.0,,,,1,clean,,,0.0003,,,
,,Heuristic color/shape placeholder; validate manually or replace with trained detector.,,184-25_1_2_310126_2515629105-1,,paddle,"OpenCV(4.10.0) :-1: error: (-5:Bad argument) in function 'imdecode'
> Overload resolution failed:
>  - buf is not a numpy array, neither a scalar
>  - Expected Ptr<cv::UMat> for argument 'buf'
",,,0.0,,,,2,clean,,,0.0003,,,
,,Heuristic color/shape placeholder; validate manually or replace with trained detector.,,184-25_1_2_310126_2515629105-1,,paddle,"OpenCV(4.10.0) :-1: error: (-5:Bad argument) in function 'imdecode'
> Overload resolution failed:
>  - buf is not a numpy array, neither a scalar
>  - Expected Ptr<cv::UMat> for argument 'buf'
",,,0.0,,,,3,clean,,,0.0004,,,
,,Heuristic color/shape placeholder; validate manually or replace with trained detector.,,184-25_1_2_310126_2515629105-1,,paddle,"OpenCV(4.10.0) :-1: error: (-5:Bad argument) in function 'imdecode'
> Overload resolution failed:
>  - buf is not a numpy array, neither a scalar
>  - Expected Ptr<cv::UMat> for argument 'buf'
",,,0.0,,,,4,clean,,,0.0003,,,
,,Heuristic color/shape placeholder; validate manually or replace with trained detector.,,184-25_1_2_310126_2515629105-1,,paddle,"OpenCV(4.10.0) :-1: error: (-5:Bad argument) in function 'imdecode'
> Overload resolution failed:
>  - buf is not a numpy array, neither a scalar
>  - Expected Ptr<cv::UMat> for argument 'buf'
",,,0.0,,,,5,clean,,,0.0004,,,
,,Heuristic color/shape placeholder; validate manually or replace with trained detector.,,184-25_1_2_310126_2515629105-1,,paddle,"OpenCV(4.10.0) :-1: error: (-5:Bad argument) in function 'imdecode'
> Overload resolution failed:
>  - buf is not a numpy array, neither a scalar
>  - Expected Ptr<cv::UMat> for argument 'buf'
",,,0.0,,,,6,clean,,,0.0004,,,
,,Heuristic color/shape placeholder; validate manually or replace with trained detector.,,184-25_1_2_310126_2515629105-1,,paddle,"OpenCV(4.10.0) :-1: error: (-5:Bad argument) in function 'imdecode'
> Overload resolution failed:
>  - buf is not a numpy array, neither a scalar
>  - Expected Ptr<cv::UMat> for argument 'buf'
",,,0.0,,,,7,clean,,,0.0003,,,
,,Heuristic color/shape placeholder; validate manually or replace with trained detector.,,184-25_1_2_310126_2515629105-1,,paddle,"OpenCV(4.10.0) :-1: error: (-5:Bad argument) in function 'imdecode'
> Overload resolution failed:
>  - buf is not a numpy array, neither a scalar
>  - Expected Ptr<cv::UMat> for argument 'buf'
",,,0.0,,,,8,clean,,,0.0005,,,
,,Heuristic color/shape placeholder; validate manually or replace with trained detector.,,184-25_1_2_310126_2515629105-1,,paddle,"OpenCV(4.10.0) :-1: error: (-5:Bad argument) in function 'imdecode'
> Overload resolution failed:
>  - buf is not a numpy array, neither a scalar
>  - Expected Ptr<cv::UMat> for argument 'buf'
",,,0.0,,,,9,clean,,,0.0004,,,
,,Heuristic color/shape placeholder; validate manually or replace with trained detector.,,184-25_1_2_310126_2515629105-1,,paddle,"OpenCV(4.10.0) :-1: error: (-5:Bad argument) in function 'imdecode'
> Overload resolution failed:
>  - buf is not a numpy array, neither a scalar
>  - Expected Ptr<cv::UMat> for argument 'buf'
",,,0.0,,,,10,clean,,,0.0005,,,
,,Heuristic color/shape placeholder; validate manually or replace with trained detector.,,184-25_1_2_310126_2515629105-1,,paddle,"OpenCV(4.10.0) :-1: error: (-5:Bad argument) in function 'imdecode'
> Overload resolution failed:
>  - buf is not a numpy array, neither a scalar
>  - Expected Ptr<cv::UMat> for argument 'buf'
",,,0.0,,,,11,clean,,,0.0003,,,
,,Heuristic color/shape placeholder; validate manually or replace with trained detector.,,184-25_1_2_310126_2515629105-1,,paddle,"OpenCV(4.10.0) :-1: error: (-5:Bad argument) in function 'imdecode'
> Overload resolution failed:
>  - buf is not a numpy array, neither a scalar
>  - Expected Ptr<cv::UMat> for argument 'buf'
",,,0.0,,,,12,clean,,,0.0003,True,False,
,,Heuristic color/shape placeholder; validate manually or replace with trained detector.,,184-25_1_2_310126_2515629105,,paddle,"OpenCV(4.10.0) :-1: error: (-5:Bad argument) in function 'imdecode'
> Overload resolution failed:
>  - buf is not a numpy array, neither a scalar
>  - Expected Ptr<cv::UMat> for argument 'buf'
",,,0.0,,,,1,clean,,,0.0004,,,
,,Heuristic color/shape placeholder; validate manually or replace with trained detector.,,184-25_1_2_310126_2515629105,,paddle,"OpenCV(4.10.0) :-1: error: (-5:Bad argument) in function 'imdecode'
> Overload resolution failed:
>  - buf is not a numpy array, neither a scalar
>  - Expected Ptr<cv::UMat> for argument 'buf'
",,,0.0,,,,2,clean,,,0.0002,True,True,
,,Heuristic color/shape placeholder; validate manually or replace with trained detector.,,184-25_1_2_310126_2515629105-1,,paddle,"OpenCV(4.10.0) :-1: error: (-5:Bad argument) in function 'imdecode'
> Overload resolution failed:
>  - buf is not a numpy array, neither a scalar
>  - Expected Ptr<cv::UMat> for argument 'buf'
",,,0.0,,,,1,binarized,,,0.0002,,,
,,Heuristic color/shape placeholder; validate manually or replace with trained detector.,,184-25_1_2_310126_2515629105-1,,paddle,"OpenCV(4.10.0) :-1: error: (-5:Bad argument) in function 'imdecode'
> Overload resolution failed:
>  - buf is not a numpy array, neither a scalar
>  - Expected Ptr<cv::UMat> for argument 'buf'
",,,0.0,,,,2,binarized,,,0.0002,,,
,,Heuristic color/shape placeholder; validate manually or replace with trained detector.,,184-25_1_2_310126_2515629105-1,,paddle,"OpenCV(4.10.0) :-1: error: (-5:Bad argument) in function 'imdecode'
> Overload resolution failed:
>  - buf is not a numpy array, neither a scalar
>  - Expected Ptr<cv::UMat> for argument 'buf'
",,,0.0,,,,3,binarized,,,0.0002,,,
,,Heuristic color/shape placeholder; validate manually or replace with trained detector.,,184-25_1_2_310126_2515629105-1,,paddle,"OpenCV(4.10.0) :-1: error: (-5:Bad argument) in function 'imdecode'
> Overload resolution failed:
>  - buf is not a numpy array, neither a scalar
>  - Expected Ptr<cv::UMat> for argument 'buf'
",,,0.0,,,,4,binarized,,,0.0002,,,
,,Heuristic color/shape placeholder; validate manually or replace with trained detector.,,184-25_1_2_310126_2515629105-1,,paddle,"OpenCV(4.10.0) :-1: error: (-5:Bad argument) in function 'imdecode'
> Overload resolution failed:
>  - buf is not a numpy array, neither a scalar
>  - Expected Ptr<cv::UMat> for argument 'buf'
",,,0.0,,,,5,binarized,,,0.0002,,,
,,Heuristic color/shape placeholder; validate manually or replace with trained detector.,,184-25_1_2_310126_2515629105-1,,paddle,"OpenCV(4.10.0) :-1: error: (-5:Bad argument) in function 'imdecode'
> Overload resolution failed:
>  - buf is not a numpy array, neither a scalar
>  - Expected Ptr<cv::UMat> for argument 'buf'
",,,0.0,,,,6,binarized,,,0.0002,,,
,,Heuristic color/shape placeholder; validate manually or replace with trained detector.,,184-25_1_2_310126_2515629105-1,,paddle,"OpenCV(4.10.0) :-1: error: (-5:Bad argument) in function 'imdecode'
> Overload resolution failed:
>  - buf is not a numpy array, neither a scalar
>  - Expected Ptr<cv::UMat> for argument 'buf'
",,,0.0,,,,7,binarized,,,0.0001,,,
,,Heuristic color/shape placeholder; validate manually or replace with trained detector.,,184-25_1_2_310126_2515629105-1,,paddle,"OpenCV(4.10.0) :-1: error: (-5:Bad argument) in function 'imdecode'
> Overload resolution failed:
>  - buf is not a numpy array, neither a scalar
>  - Expected Ptr<cv::UMat> for argument 'buf'
",,,0.0,,,,8,binarized,,,0.0002,,,
,,Heuristic color/shape placeholder; validate manually or replace with trained detector.,,184-25_1_2_310126_2515629105-1,,paddle,"OpenCV(4.10.0) :-1: error: (-5:Bad argument) in function 'imdecode'
> Overload resolution failed:
>  - buf is not a numpy array, neither a scalar
>  - Expected Ptr<cv::UMat> for argument 'buf'
",,,0.0,,,,9,binarized,,,0.0002,,,
,,Heuristic color/shape placeholder; validate manually or replace with trained detector.,,184-25_1_2_310126_2515629105-1,,paddle,"OpenCV(4.10.0) :-1: error: (-5:Bad argument) in function 'imdecode'
> Overload resolution failed:
>  - buf is not a numpy array, neither a scalar
>  - Expected Ptr<cv::UMat> for argument 'buf'
",,,0.0,,,,10,binarized,,,0.0002,,,
,,Heuristic color/shape placeholder; validate manually or replace with trained detector.,,184-25_1_2_310126_2515629105-1,,paddle,"OpenCV(4.10.0) :-1: error: (-5:Bad argument) in function 'imdecode'
> Overload resolution failed:
>  - buf is not a numpy array, neither a scalar
>  - Expected Ptr<cv::UMat> for argument 'buf'
",,,0.0,,,,11,binarized,,,0.0002,,,
,,Heuristic color/shape placeholder; validate manually or replace with trained detector.,,184-25_1_2_310126_2515629105-1,,paddle,"OpenCV(4.10.0) :-1: error: (-5:Bad argument) in function 'imdecode'
> Overload resolution failed:
>  - buf is not a numpy array, neither a scalar
>  - Expected Ptr<cv::UMat> for argument 'buf'
",,,0.0,,,,12,binarized,,,0.0001,True,False,
,,Heuristic color/shape placeholder; validate manually or replace with trained detector.,,184-25_1_2_310126_2515629105,,paddle,"OpenCV(4.10.0) :-1: error: (-5:Bad argument) in function 'imdecode'
> Overload resolution failed:
>  - buf is not a numpy array, neither a scalar
>  - Expected Ptr<cv::UMat> for argument 'buf'
",,,0.0,,,,1,binarized,,,0.0002,,,
,,Heuristic color/shape placeholder; validate manually or replace with trained detector.,,184-25_1_2_310126_2515629105,,paddle,"OpenCV(4.10.0) :-1: error: (-5:Bad argument) in function 'imdecode'
> Overload resolution failed:
>  - buf is not a numpy array, neither a scalar
>  - Expected Ptr<cv::UMat> for argument 'buf'
",,,0.0,,,,2,binarized,,,0.0001,True,True,
